Module Code,Title,Credits
AR2001,FAB LEARNING PORTFOLIO ,12
AR4000,LIMERICK: LOCAL HISTORY AND URBAN GOVERNANCE IN ,6
AR4001,DESIGN STUDIO 1A ,15
AR4002,DESIGN STUDIO 1B ,15
AR4004,DESIGN STUDIO 2B ,15
AR4005,DESIGN STUDIO 3A ,15
AR4006,DESIGN STUDIO 3B ,15
AR4007,DESIGN STUDIO 4A ,18
AR4008,DESIGN STUDIO 4B ,18
AR4010,DESIGN STUDIO 5B - THESIS ,21
AR4011,GRAVITY AND REACTION 1 ,3
AR4012,GRAVITY AND REACTION 2 ,3
AR4013,GRAVITY AND REACTION 3 ,3
AR4014,GRAVITY AND REACTION 4 ,3
AR4015,GRAVITY AND REACTION 5 ,3
AR4016,GRAVITY AND REACTION 6 ,3
AR4017,REPRESENTATION THEORY 1 ,3
AR4018,REPRESENTATION THEORY 2 ,3
AR4019,PROFESSIONAL PRACTICE: CONTRACTS ,3
AR4021,REPRESENTATION / DRAWING 1 ,3
AR4022,REPRESENTATION / DRAWING 2 ,3
AR4023,REPRESENTATION / DRAWING 3 ,3
AR4024,REPRESENTATION / DRAWING 4 ,3
AR4025,REPRESENTATION / DRAWING 5 ,3
AR4026,REPRESENTATION / DRAWING 6 ,3
AR4027,"CULTURE, PLACE AND ENVIRONMENT 2 ",3
AR4028,"CULTURE, PLACE AND ENVIRONMENT 3 ",3
AR4031,HISTORY AND THEORY OF ARCHITECTURE 1 ,3
AR4032,HISTORY AND THEORY OF ARCHITECTURE 2 ,3
AR4033,HISTORY AND THEORY OF ARCHITECTURE 3 ,3
AR4034,HISTORY AND THEORY OF ARCHITECTURE 4 ,3
AR4035,HISTORY AND THEORY OF ARCHITECTURE 5 ,3
AR4036,HISTORY AND THEORYOF ARCHITECTURE 6 ,3
AR4037,SEMINAR IN HISTORY AND THEORY 1 ,3
AR4038,SEMINAR IN HISTORY AND THEORY 2 ,3
AR4041,ASSEMBLY AND TECHNIQUES 1 ,3
AR4042,ASSEMBLY AND TECHNIQUES 2 ,3
AR4043,ASSEMBLY AND TECHNIQUES 3 ,3
AR4044,MATERIALS 1 ,3
AR4045,ASSEMBLY AND TECHNIQUES 4 ,3
AR4046,ASSEMBLY AND TECHNIQUES 5 ,3
AR4047,PROFESSION AND SOCIETY 1 ,3
AR4048,PROFESSION AND SOCIETY 2 ,3
AR4051,ENVIRONMENTAL SYSTEMS AND FORCES 1 ,3
AR4052,ENVIRONMENTAL SYSTEMS AND FORCES 2 ,3
AR4053,ENVIRONMENTAL SYSTEMS AND FORCES 3 ,3
AR4054,ENVIRONMENTAL SYSTEMS AND FORCES 4 ,3
AR4055,"CULTURE, PLACE AND ENVIRONMENT 1 ",3
AR4056,ENVIRONMENTAL SYSTEMS AND FORCES 5 ,3
AR4058,PROFESSION AND SOCIETY ,3
AR4068,ADVANCED CONSTRUCTION 2 ,3
AR4073,DESIGN STUDIO 2A ,15
AR4099,DESIGN STUDIO 5A - PRE THESIS ,21
AR4310,ADVANCED CONSTRUCTION 4 ,3
AR4317,ADVANCED CONSTRUCTION 1 ,3
AR4319,ADVANCED CONSTRUCTION 3 ,3
AR4327,CULTURE PLACE ENVIRONMENT (BUILDING LAND) ,6
AR4337,URBAN DESIGN ,6
AR4347,DESIGN PHILOSOPHY ,6
AR4357,ARCHITECTURAL FORM & CULTURE ,6
AR4367,DIGITAL TECHNOLOGY ,6
AR4377,ENGINEERING RESEARCH ,6
AR4387,EXPERIMENTAL CONSTRUCTION ,6
AR4397,UTOPIAN STUDIES ,6
AR4407,ARCHITECTURE INTELLIGENCE UNIT ,6
AR4417,DIGITAL MEDIA AND REPRESENTATION ,6
AR6001,DESIGN STUDIO 1 (GRADUATE ENTRY) ,12
AR6002,DESIGN STUDIO 2 (GRADUATE ENTRY) ,12
AR6003,GRADUATE DESIGN PROJECT 1 ,12
AR6004,GRADUATE DESIGN PROJECT 2 ,12
AR6005,GRADUATE THESIS PROJECT 1 ,12
AR6006,GRADUATE THESIS PROJECT 2 ,12
AR6011,"HISTORY, THEORY AND CRITICISM IN ARCHITECTURE ",6
AR6012,VISUAL CULTURE AND EXPRESSION ,6
AR6013,GRADUATE DESIGN RESEARCH 1 ,6
AR6014,GRADUATE DESIGN RESEARCH 2 ,6
AR6015,GRADUATE THESIS DISSERTATION 1 ,6
AR6016,GRADUATE THESIS DISSERTATION 2 ,6
AR6021,DIGITAL REPRESENTATION ,6
AR6022,ENVIRONMENTAL SYSTEMS AND FORCES ,6
AR6023,ADVANCED CONSTRUCTION TECHNOLOGY ,6
AR6024,PROFESSION AND PRACTICE OF ARCHITECTURE ,6
AR6025,GRADUATE THESIS SEMINAR 1 ,6
AR6026,GRADUATE THESIS SEMINAR 2 ,6
AR6031,STRUCTURAL CONCEPTS: GRAVITY AND REACTION ,6
AR6032,"CONSTRUCTION DOCUMENTS: CODING, ORGANISING AND ",6
AR6033,UTOPIAN STUDIES (GRDUATE ELECTIVE) ,6
AR6043,DIGITAL MEDIA AND REPRESENTATION (GRADUATE ,6
AR6053,EXPERIMENTAL CONSTRUCTION (GRADUATE ELECTIVE) ,6
AR6063,ENGINEERING RESEARCH (GRADUATE ELECTIVE) ,6
AR6073,DIGITAL TECHNOLGY (GRADUATE ELECTIVE) ,6
AR6083,ARCHITECTURAL FORM AND CULTURE (GRADUATE ,6
AR6093,DESIGN PHILOSOPHY (GRADUATE ELECTIVE) ,6
AR6103,URBAN DESIGN (GRADUATE ELECTIVE) ,6
AR6113,CULTURE PLACE ENVIRONMENT (GRADUTE ELECTIVE) ,6
AS2391,MANUFACTURING TECHNOLOGY AND CAD ,6
AS2402,INTRODUCTION TO ENGINEERING ,6
AU3001,INTRODUCTION TO LEARNING ,6
AU3002,INTRODUCTION TO OPERATIONS ENGINEERING ,6
AU3003,MATHS 2 ,6
AU3004,INTRODUCTION TO ENVIRONMENTAL SCIENCE ,6
AU3011,MATHS 1 ,6
AU3012,BIOLOGY AND BIOTECHNOLOGY 1 ,6
AU3013,PHYSICS 2 ,6
AU3014,OPERATIONS ENGINEERING ,6
AU3021,CHEMISTRY ,6
AU3022,PHYSICS 1 ,6
AU3023,STATISTICS ,6
AU3024,ORGANISATIONAL BEHAVIOUR ,6
AU3031,INFORMATION TECHNOLOGY ,6
AU3032,INTRODUCTION TO MANAGEMENT ,6
AU3033,PROJECT 1 ,6
AU3034,PROJECT 2 ,6
AU3041,"SCIENCE, TECHNOLOGY AND INNOVATION ",6
AU3042,INTRODUCTION TO OPERATIONS ENGINEERING ,6
AU3051,DATABASE APPLICATIONS ,6
AU3061,MOLECULAR MEDICINE 1 ,6
AU3071,ANALYTICAL CHEMISTRY ,6
AU3081,ENVIRONMENTAL CHEMISTRY ,6
AU3091,BIOLOGY AND BIOTECHNOLOGY 2 ,6
AU3101,DESIGN OF ENGINEERING SYSTEMS ,6
AU3111,INTRODUCTION TO MANAGEMENT SCIENCE ,6
AU3121,CAD MODELLING ,6
AU3131,INTRODUCTION TO QUALITY MANAGEMENT ,6
AU4001,ANATOMY ,6
AU4002,CELL BIOLOGY ,6
AU4003,HEALTH AND SAFETY SYSTEMS ,6
AU4004,MATERIALS SCIENCE AND PROCESSES ,6
AU4011,AUTOMATION 1 ,6
AU4012,DESIGN FOR ENVIRONMENT ,6
AU4013,IMMUNOLOGY AND HUMAN THERAPEUTICS ,6
AU4014,MECHANICS OF SOLIDS ,6
AU4021,AUTOMATION 2 ,6
AU4022,DESIGN FOR ENGINEERING SYSTEMS ,6
AU4023,INNOVATION MANAGEMENT ,6
AU4024,MEDICAL DEVICE DESIGN ,6
AU4031,BIOCOMPATIBILITY AND DEVICE DESIGN ,6
AU4032,ENGINEERING MECHANICS ,6
AU4033,INTRODUCTION TO MARKETING ,6
AU4034,NEXT GENERATION SEQUENCING TECHNOLOGIES ,6
AU4041,BIOMECHANICS ,6
AU4042,ENTERPRISE MODELLING AND SIMULATION ,6
AU4043,LEAN THINKING / LEAN TOOLS ,6
AU4044,PROBLEM SOLVING TOOLS AND TECHNIQUES ,6
AU4051,BIOMEDICAL DATA MANAGEMENT ,6
AU4052,ENVIRONMENTAL IMPACT ASSESSMENT ,6
AU4053,MACHINE DESIGN ,6
AU4054,PRODUCT AND PROCESS DEVELOPMENT ,6
AU4061,BIOMEDICAL IMAGING TECHNOLOGIES ,6
AU4062,ENVIRONMENTAL MANAGEMENT SYSTEMS ,6
AU4063,MANAGEMENT INFORMATION SYSTEMS ,6
AU4064,PROJECT 3 ,6
AU4071,BIOPROCESS TECHNOLOGY ,6
AU4072,ENVIRONMENTAL SCIENCE ,6
AU4073,MANUFACTURING TECHNOLOGY ,6
AU4074,PROJECT 4 ,6
AU4081,CAD MODELLING ,6
AU4082,GENOME TECHNOLOGIES ,6
AU4083,MARKETING INFORMATION AND RESEARCH ,6
AU4084,PROJECT MANAGEMENT ,6
AU4091,CELL AND TISSUE CULTURE ,6
AU4092,GLYCOBIOLOGY ,6
AU4093,MARKETING POLICY AND PLANNING ,6
AU4094,QUALITY SCIENCE - SIX SIGMA ,6
AU4104,REGULATORY COMPLIANCE ,6
AU4114,RESEARCH METHODOLOGY ,6
AU4124,SELLING AND SALES MANAGEMENT ,6
AU4134,SUSTAINABILITY AND DESIGN ,6
AU4144,TECHNOLOGY INNOVATION AND ENTREPRENEURSHIP ,6
AU4154,UPSTREAM AND DOWNSTREAM PROCESSING ,6
AU5001,INNOVATION AND TECHNOLOGY TRANSFER ,6
AU5002,Strategic Business and Technology Management ,6
AU5003,Dissertation ,15
AU5004,Dissertation ,15
AU5011,STRATEGIC BUSINESS AND OPERATIONS MANAGEMENT ,6
AU5012,TECHNOLOGY FINANCE AND CAPITAL ,6
AU5013,Product Design and Development ,6
AU5014,"Enterprise, Product Modelling and Simulation ",6
AU5021,Organising for Effective Innovation ,6
AU5022,MANAGING TECHNOLOGY PROJECTS ,6
AU5023,Manufacturing Improvement Methodologies ,6
AU5024,"Science, Technology and Society ",6
AU5031,Information Systems and Software Management ,6
AU5032,MARKETING TECHNOLOGY PRODUCTS ,6
AU5033,"LEADERSHIP, CHANGE AND INNOVATION MANAGEMENT ",6
AU5034,Human Resources for Technology Management ,6
AU5041,LEAN THINKING / LEAN TOOLS 1 ,6
AU5042,LEAN THINKING / LEAN TOOLS 2 ,6
AU5043,ENTERPRISE IMPROVEMENT PROJECT ,30
AU5051,PROBLEM SOLVING TOOLS AND TECHNIQUES ,6
AU5052,TECHNOLOGY INNOVATION AND ENTREPRENEURSHIP ,6
AU5061,ORGANISATION BEHAVIOUR AND DEVELOPMENT ,6
AU5062,TECHNOLOGY COMMERCIALISATION PROJECT ,12
AU5071,INNOVATION MANAGEMENT PROJECT 1 ,6
AU5072,INNOVATION MANAGEMENT PROJECT 2 ,6
AU5081,MANAGING INNOVATION ,6
AU5082,LEAN HEALTH PROJECT ,12
AU5091,"LEAN SIGMA, PROJECT MANAGEMENT AND FINANCE ",6
AU5092,LEAN SYSTEMS PROJECT ,12
AU5101,DIGITALISATION OF PROCESS ,6
AU5102,IMPROVING BUSINESS PROCESSES ,6
AU5111,INTRODUCTION TO CYBER-PHYSICAL SYSTEMS & INTERNET ,6
AU5112,INTRODUCTION TO DATA ANALYTICS/VISUALISATION & ,6
AU5122,APPLIED RESEARCH PROJECT IN BUSINESS PROCESS ,12
AU5132,STRATEGIC BUSINESS PLANNING AND EVALUATION ,6
AU6003,LEAN TOOLS AND TECHNIQUES ,6
BC4001,APPLIED IMMUNOLOGY ,6
BC4002,INTRODUCTORY BIOCHEMISTRY ,6
BC4008,IMMUNO AND DNA DIAGNOSTIC TECHNIQUES ,6
BC4011,BIOPROCESS ENGINEERING FOR BIOCHEMISTS ,6
BC4201,VALIDATION PRINCIPLES AND PRACTICES FOR THE MEDICAL ,9
BC4401,INTRODUCTION TO INDUSTRIAL BIOCHEMISTRY ,6
BC4405,BIOPROCESS TECHNOLOGY 1 ,6
BC4705,INDUSTRIAL BIOCHEMISTRY 1 ,6
BC4718,INDUSTRIAL BIOCHEMISTRY 2 ,6
BC4802,BIOCHEMICAL ENGINEERING ,6
BC4803,MICROBIAL TECHNOLOGY 1A ,6
BC4825,MICROBIAL TECHNOLOGY 2 ,6
BC4903,BIOMOLECULES ,6
BC4904,PROTEINS AND DNA ,6
BC4905,GENETIC ENGINEERING ,6
BC4907,CELL BIOCHEMISTRY ,6
BC4908,BIOCHEMISTRY 8 (STRUCTURAL BIOCHEMISTRY OF ,6
BC4917,BIOCHEMISTRY PROJECT 1 ,6
BC4918,BIOCHEMISTRY PROJECT 2 ,6
BC4938,DIAGNOSTIC TECHNIQUES ,6
BC4947,IMMUNOLOGY ,6
BC4957,BIOINFORMATICS IN GENETIC AND PROTEIN ANALYSIS ,6
BC4958,MICROBIAL PATHOGENICITY ,6
BC4967,RESEARCH METHODS ,6
BC4968,FUNDAMENTALS OF REGULATORY AFFAIRS (MEDICAL ,9
BC5001,REGULATORY REQUIREMENTS FOR A NEW ACTIVE ,9
BC5002,DRUG REGULATION AND THE AGENCIES ,3
BC5011,REGULATORY STRATEGY AND REQUIREMENTS FOR ,9
BC5012,REGULATORY AFFAIRS INTERACTIONS IN DRUG ,9
BC5022,KEY REGULATORY CONSIDERATIONS FOR NON-CLINICAL ,6
BM4102,HEALTH SYSTEMS ,6
BM4112,ETHICAL AND LEGAL ISSUES IN HEALTH INFORMATICS ,6
BR4021,BROADENING: OUR CITY - OUR UNIVERSITY ,6
BR4091,BROADENING THROUGH SUSTAINABLE DEVELOPMENT ,6
BR5502,Engaged Research Delivery (EHS) ,12
BY2901,BIOLOGY 1 ,6
BY2902,BIOLOGY 2 ,6
BY4001,BIOLOGY 1 ,6
BY4002,BIOLOGY 2 ,6
BY4003,BIOLOGY 3 (DIVERSITY OF ORGANISMS) ,6
BY4004,HORTICULTURE ,3
BY4005,VERTEBRATE STRUCTURE AND FUNCTION ,6
BY4006,GENERAL BIOCHEMISTRY ,6
BY4007,NEW DEVELOPMENTS IN AGRICULTURAL SCIENCE ,3
BY4008,GENETICS AND MOLECULAR BIOLOGY ,6
BY4011,GENERAL BIOLOGY ,6
BY4012,MICROBES AS METABOLIC FACTORIES ,6
BY4013,GENERAL MICROBIOLOGY ,6
BY4014,MICROBIOLOGY AND IMMUNOLOGY ,6
BY4015,PLANT PHYSIOLOGY ,6
BY4016,ANIMAL PRODUCTION SYSTEMS ,6
BY4018,PLANT AND ANIMAL PHYSIOLOGY ,6
BY4021,CELLULAR BIOLOGY AND BIOCHEMISTRY ,6
BY4023,ANIMAL DIVERSITY ,6
BY4025,CROP AND GRASSLAND SCIENCE ,6
BY4026,HORTICULTURE ,6
BY4027,CURRENT TRENDS IN BIOTECHNOLOGY AND REGENERATIVE ,6
BY4028,ANIMAL DIVERSITY AND EVOLUTION ,6
BY4031,INTEGRATIVE PHYSIOLOGY ,6
BY4033,CORE CONCEPTS IN BIOSCIENCE ,6
BY4035,CELLULAR BIOLOGY AND BIOCHEMISTRY ,6
BY4036,AGRICULTURAL BIOTECHNOLOGY ,6
BY4037,PHARMACOLOGY AND DRUG DEVELOPMENT ,6
BY4038,"CANCER MECHANISMS, THERAPEUTICS AND MOLECULAR ",6
BY4045,CELL BIOLOGY AND BIOCHEMISTRY ,6
BY4048,ADVANCED CELL AND MOLECULAR BIOLOGY ,6
BY4055,ANIMAL FEEDING AND DIGESTION ,6
BY4058,HOST MICROBE INTERACTIONS ,6
BY4065,CHEMISTRY OF BIOLOGICAL SYSTEMS ,6
BY4068,NEW DEVELOPMENTS IN AGRICULTURAL SCIENCE 2 ,3
BY4075,CELL COMMUNICATION AND REGULATION ,6
BY4085,CELL AND MOLECULAR BIOLOGY OF THE IMMUNE SYSTEM ,6
BY4097,BIOSCIENCE FINAL YEAR PROJECT 1 ,6
BY4098,BIOSCIENCE FINAL YEAR PROJECT 2 ,6
BY4102,BIOLOGY FOR BIOSCIENCES ,6
BY4104,ECOLOGY 1 ,6
BY4204,PRINCIPLES OF HUMAN PHYSIOLOGY ,6
BY4205,AGRICULTURE 1 ,6
BY4208,AGRICULTURE 2 ,6
BY4214,PRINCIPLES OF HUMAN NUTRITION ,6
BY4215,SOIL SCIENCE ,6
BY4505,POLLUTION BIOLOGY ,6
BY6001,BIOPHARMACEUTICALS: FROM CONCEPT TO PRODUCT ,6
BY6002,NUTRACEUTICALS AND DISEASES ,6
BY6004,CANCER AND PRECISION MEDICINE ,6
BY6005,RESEARCH PROJECT ,30
BY6011,ADVANCED CELL BIOLOGY ,6
BY6014,NEUROLOGICAL AND INFLAMMATORY DISEASES ,6
CE2002,FOUNDATIONS OF CONVERSATIONAL AI DESIGN ,3
CE2003,THEORY AND PRACTICE FOR CONVERSATIONAL AI ,6
CE2012,PROGRAMMING FOUNDATIONS FOR CONVERSATIONAL AI ,3
CE2013,INDUSTRY PROJECT ,3
CE3002,LEARNING HOW TO LEARN ,6
CE4001,ENGINEERING MECHANICS 1 ,6
CE4002,ENGINEERING MECHANICS ,6
CE4003,FLUID MECHANICS ,3
CE4004,MECHANICS OF SOLIDS ,3
CE4005,STRUCTURAL THEORY ,6
CE4007,WATER MANAGEMENT SYSTEMS ,6
CE4008,VLSI DIGITAL PROCESSING SYSTEMS ,6
CE4011,"BUILDING MATERIALS, ASSEMBLY AND STRUCTURE ",6
CE4012,DESIGN STUDIO 1 ,6
CE4013,STRUCTURAL ANALYSIS ,6
CE4014,HYDRAULICS AND WATER ENGINEERING ,6
CE4015,SOIL MECHANICS ,6
CE4017,PROJECT 1 (CIVIL ENGINEERING) ,12
CE4018,PROJECT 2 (CIVIL ENGINEERING) ,6
CE4021,INTRODUCTION TO SCIENTIFIC COMPUTING FOR AI ,6
CE4023,DESIGN STUDIO 1 ,6
CE4024,STRUCTURAL STEEL AND TIMBER DESIGN ,6
CE4025,TRANSPORT PLANNING AND DESIGN ,6
CE4027,ADVANCED STRUCTURES ,6
CE4028,ENERGY EFFICIENT BULDINGS: MODELLING AND DESIGN ,6
CE4031,INTRODUCTION TO DEEP LEARNING AND FRAMEWORKS ,6
CE4033,MODELLING AND ANALYSIS OF FLUID SYSTEMS ,3
CE4034,BUILDING ENERGY SYSTEMS ,3
CE4035,REINFORCED CONCRETE AND MASONRY DESIGN ,6
CE4037,INNOVATION AND DESIGN ,6
CE4038,PROFESSIONAL PRACTICE ,6
CE4041,ARTIFICIAL INTELLIGENCE ,6
CE4043,STRUCTURAL ENGINEERING DESIGN 2 ,6
CE4044,FLUIDS AND ENERGY ,6
CE4045,PROFESSIONAL PRACTICE 1 ,6
CE4047,"WIND, OCEAN AND HYDRO ENERGY ",6
CE4048,GEOTECHNICAL ENGINEERING DESIGN ,6
CE4051,INTRODUCTION TO DATA ENGINEERING AND MACHINE ,6
CE4055,REINFORCED CONCRETE DESIGN 1 ,6
CE4057,PROJECT 1 CIVIL ENGINEERING ,6
CE4058,PROJECT PLANNING AND CONTROL FOR THE BUILT ,6
CE4067,SCHEME DESIGN ,6
CE4068,PROCUREMENT AND CONTRACTING II ,6
CE4078,PROJECT 2 CIVIL ENGINEERING ,12
CE4088,REINFORCED CONCRETE DESIGN II ,6
CE4102,PRODUCTIVE AND HEALTHY REMOTE WORKING ,6
CE4122,TRANSLATING ORGANISATION ASPIRATIONS INTO ,6
CE4132,INTRODUCTION TO CYBER-PHYSICAL SYSTEMS ,6
CE4204,OPERATING SYSTEMS 1 ,6
CE4205,MICROCOMPUTER SYSTEMS ,6
CE4206,OPERATING SYSTEMS 2 ,6
CE4208,DISTRIBUTED SYSTEMS ,6
CE4317,INTRODUCTION TO DATA ENGINEERING AND MACHINE ,6
CE4518,COMPUTER ARCHITECTURE ,6
CE4607,COMPUTER NETWORKS 1 ,6
CE4701,COMPUTER SOFTWARE 1 ,6
CE4702,COMPUTER SOFTWARE 2 ,6
CE4703,COMPUTER SOFTWARE 3 ,6
CE4706,SOFTWARE ENGINEERING 1 ,6
CE4708,ARTIFICIAL INTELLIGENCE ,6
CE4717,LANGUAGE PROCESSORS ,6
CE4817,DIGITAL SIGNAL PROCESSING 1 ,6
CE5001,INTRODUCTION TO VISION ,6
CE5002,GEOMETRIC COMPUTER VISION ,6
CE5011,MACHINE VISION & IMAGE PROCESSING ,6
CE5012,INTELLIGENT VISUAL COMPUTING & APPLICATIONS ,6
CE5021,DEEP LEARNING FOR COMPUTER VISION ,6
CE5022,LOG FILES AND EVENT ANALYSIS ,6
CE5031,OT/ICS NETWORKS AND PROTOCOLS ,6
CE5032,SECURE OT/ICS NETWORKS ,6
CE5041,CYBERSECURITY LAW AND REGULATIONS ,6
CE6001,"WIND, OCEAN & HYDRO ENERGY ",6
CE6002,ARTIFICIAL INTELLIGENCE AND MACHINE LEARNING ,6
CE6003,MACHINE VISION ,6
CE6011,FIELD ROBOTICS ,6
CE6012,ARTIFICIAL INTELLIGENCE AND MACHINE LEARNING ,6
CE6021,MACHINE VISION ,6
CE6022,DIGITAL TEST AND MEASUREMENT ,9
CE6023,COMPUTER VISION SYSTEMS ,6
CE6025,MASTER OF ENGINEERING PROJECT - COMPUTER VISION ,30
CE6026,INTRODUCTION TO ENGINEERING RESEARCH METHODS ,6
CE6031,PROJECT 1 (COMPUTER ENGINEERING) ,12
CE6032,PROJECT 2 (COMPUTER ENGINEERING) ,18
CG3000,WATER STEWARDSHIP IN PRACTICE ,9
CG3001,WASTE & CIRCULAR ECONOMY MANAGEMENT IN PRACTICE ,9
CG3002,ENERGY MANAGEMENT IN PRACTICE ,9
CG4001,PROCESS ENGINEERING COMPUTATION METHODS ,6
CG4003,BIOPROCESS ENGINEERING 1 ,6
CG4005,CHEMICAL ENGINEERING THERMODYNAMICS ,6
CG4007,SUSTAINABLE ENERGY PROCESSES ,6
CG4008,PROCESS TROUBLESHOOTING ,6
CG4017,BIOPROCESS ENGINEERING 2 ,6
CG4027,B ENG RESEARCH PROJECT ,6
CG4097,B ENG DESIGN PROJECT 1 ,6
CG4098,B ENG DESIGN PROJECT 2 ,6
CG5001,CHEMICAL ENGINEERING DESIGN PROJECT 1 (PT) ,6
CG5002,CHEMICAL ENGINEERING DESIGN PROJECT 2 (PT) ,6
CG5003,CHEMICAL ENGINEERING DESIGN PROJECT 3 (PT) ,6
CG5011,PRINCIPLES OF CHEMICAL ENGINEERING ,6
CG5031,CHEMICAL ENGINEERING DESIGN METHODS 1 ,6
CG5042,CHEMICAL ENGINEERING DESIGN METHODS 2 ,6
CG5052,BATCH PROCESS ENGINEERING ,6
CG5062,CHEMICAL ENGINEERING DESIGN PROJECT 1 ,6
CG5070,CHEMICAL ENGINEERING DESIGN PROJECT 2 ,18
CG5080,CHEMICAL ENGINEERING DESIGN PROJECT ,18
CG5082,ADVANCED TRANSPORT PROCESSES ,6
CG5090,CHEMICAL ENGINEERING DESIGN PROJECT ,24
CH4001,CHEMISTRY FOR ENGINEERS ,3
CH4002,PHYSICAL CHEMISTRY 1 ,6
CH4003,PHYSICAL CHEMISTRY 2 ,6
CH4004,PHYSICAL CHEMISTRY 3 ,6
CH4005,PHYSICAL CHEMISTRY 4 ,6
CH4006,PHARMACEUTICAL FREEZE-DRYING 1 – FORMULATION AND ,6
CH4007,ORGANIC PHARMACEUTICAL CHEMISTRY 1 ,6
CH4008,ORGANIC PHARMACEUTICAL CHEMISTRY 2 ,6
CH4011,PHYSICAL CHEMISTRY: ELECTROCHEMISTRY ,6
CH4012,GENERAL CHEMISTRY 2 ,6
CH4013,ORGANIC CHEMISTRY ,6
CH4015,ORGANIC CHEMISTRY 4 ,6
CH4017,CHEMICAL NANOTECHNOLOGY ,6
CH4021,LABORATORY CALCULATIONS ,3
CH4022,BEHAVIOUR BASED SAFETY ,9
CH4025,PHOTOCHEMISTRY ,6
CH4027,NANOTECHNOLOGY ,6
CH4031,GENERAL CHEMISTRY 2 (INORGANIC) ,3
CH4041,GENERAL CHEMISTRY 2 (PHYSICAL) ,3
CH4051,INTRODUCTION TO APPLIED CHEMISTRY AND ,3
CH4054,PHYSICAL CHEMISTRY ,6
CH4055,ENVIRONMENTAL CATALYSIS ,6
CH4102,ORGANIC CHEMISTRY 1 ,6
CH4103,ORGANIC CHEMISTRY 2A(1) ,6
CH4104,ORGANIC CHEMISTRY 3 ,6
CH4122,GENERAL CHEMISTRY 2 (INORGANIC) ,3
CH4132,GENERAL CHEMISTRY 2 (PHYSICAL) ,3
CH4152,INTRODUCTORY ORGANIC CHEMISTRY 1B ,6
CH4153,ORGANIC CHEMISTRY 2B ,6
CH4202,INORGANIC CHEMISTRY 1 ,6
CH4203,INORGANIC CHEMISTRY 2 ,6
CH4252,INORGANIC CHEMISTRY 1B ,6
CH4253,INORGANIC CHEMISTRY 2B ,6
CH4303,ANALYTICAL CHEMISTRY 1A ,6
CH4304,ANALYTICAL CHEMISTRY 2 ,6
CH4305,ANALYTICAL CHEMISTRY 3 ,6
CH4306,ANALYTICAL CHEMISTRY 4 ,6
CH4308,DISCRETE ANALYTICAL METHODS ,6
CH4354,ANALYTICAL CHEMISTRY FOR THE ENVIRONMENT ,6
CH4404,PROCESS TECHNOLOGY 1 ,6
CH4405,PROCESS TECHNOLOGY 2 ,6
CH4407,PROCESS TECHNOLOGY 4 ,6
CH4415,PROCESS TECHNOLOGY 3 ,6
CH4417,PHARMACEUTICAL FORMULATION ,6
CH4554,ENVIRONMENTAL CHEMISTRY ,6
CH4608,PLANT AND PROCESS MANAGEMENT 2 ,6
CH4701,GENERAL CHEMISTRY 1 ,6
CH4711,GENERAL CHEMISTRY 1B ,6
CH4721,GENERAL CHEMISTRY 1C ,6
CH4751,INTRODUCTORY CHEMISTRY ,6
CH4817,QUANTUM CHEMISTRY ,3
CH4901,"SCI FDN 1, CHEM, BIOCHEM AND PHYS FOR NURSING AND ",3
CH4907,FINAL YEAR PROJECT 1 (IND CHEM) ,3
CH4908,FINAL YEAR PROJECT 2 (IND CHEM) ,3
CH4917,FINAL YEAR PROJECT 1 (IND CHEM) ,6
CH4918,FINAL YEAR PROJECT 2 (IND CHEM) ,6
CH5011,ACCIDENT INVESTIGATION ,9
CH5012,BEHAVIOUR BASED SAFETY ,9
CH5021,HEALTH & SAFETY MANAGEMENT SYSTEM INTEGRATION IN ,6
CH5022,HEALTH & SAFETY: LEGISLATIVE CONTEXT ,6
CH6002,RESEARCH CHALLENGES IN MATERIALS SCIENCE ,3
CH6012,REGULATORY AFFARIS IN BIOPHARMA ,6
CH6013,RESEARCH PROJECT ,30
CH6022,UPSTREAM PROCESSING ,6
CH6032,DOWNSTREAM PROCESSING ,6
CH6042,BIOPROCESS SAFETY ,6
CH8011,"SCIENCE, TECHNOLOGY, ENGINEERING AND MATHEMATICS ",9
CH8012,FUNDAMENTALS OF NANOSCIENCE AND NANOTECHNOLOGY ,6
CO4232,COOPERATIVE VS PSEUDO-COOPERATIVE WORKPLACE ,6
CS2311,"REAMHRA,FORBAIRT PEARSANTA,SCILEANNA CUMARSAIDE ",3
CS2312,FIS ,6
CS2313,GRAIFICI ,6
CS2314,"SCILEANNA FOSTAIOCHTA, GNO AGUS FIONTAIR ",3
CS2321,IONDUCHTU GINEARALTA DON RIOMHAIREACHT ,3
CS2322,DIGIOTALU ,6
CS2323,BEOCHAN ,6
CS2324,"TIONSCADAL PEARSANTA, 2 ",6
CS2331,AN FHUAIM ,6
CS2332,SCRIOBH ILMHEAIN ,6
CS2333,"TIONSCADAL PEARSANTA, 1 ",6
CS2911,INTRODUCTION TO INFORMATION TECHNOLOGY (DE) ,6
CS2913,BUSINESS INFORMATION SYSTEMS ,6
CS3001,BUNPHRIONSABAIL AN IDIRLÍN ,3
CS3002,SCRIPTEÁIL ,6
CS3003,TIONSCADAL 3 ,6
CS3011,COMHBHAILL AGUS ÚSÁID AN GHRÉSÁIN ,3
CS3012,ILMHEÁIN I RÉIMSÍ AN TIONSCAIL AGUS AN LÉINN ,3
CS3021,RÍOMHEOLAÍOCHT AGUS PROLOG ,6
CS3022,AN CHÉAD BHLAISEADH DE CHLUICHÍ ,6
CS3031,MATAMAITIC THEICNEOLAÍOCH 1 ,6
CS3032,IDIRGHABHÁIL IDIR RÍOMHAIRÍ AGUS DAOINE ,6
CS3041,TIONSCADAL 1 ,6
CS3042,TIONSCADAL 2 ,6
CS4001,COMPUTER APPLICATIONS FOR SCIENTISTS 1 ,6
CS4003,Information Society 1: Social Theories of New Media ,6
CS4004,SOFTWARE TESTING AND INSPECTION ,6
CS4005,PERCEPTUAL SYSTEMS AND MULTIMEDIA ,6
CS4006,INTELLIGENT SYSTEMS ,6
CS4007,Information Society 2 : The Information and Knowledge ,6
CS4008,ENTERPRISE RESOURCE PLANNING ,6
CS4009,DIRECTED STUDIES ,6
CS4012,REPRESENTATION AND MODELLING ,6
CS4013,OBJECT ORIENTED DEVELOPMENT ,6
CS4014,SOFTWARE DEVELOPMENT PROJECT ,6
CS4016,DIRECTED STUDY FOR MMPT 3 ,6
CS4017,INFORMATION SYSTEMS PROJECT 1 ,6
CS4018,INFORMATION SYSTEMS PROJECT 2 ,12
CS4019,DIGITAL ARTS 1 ,6
CS4020,INFORMATION SOCIETY ,6
CS4021,DIGITAL MEDIA SOFTWARE AND SYSTEMS 1 ,6
CS4022,DIGITAL INSTRUMENT FUNDAMENTALS ,6
CS4023,OPERATING SYSTEMS ,6
CS4024,DIRECTED STUDY FOR MMPT 2 ,6
CS4025,DIGITAL AUDIO FUNDAMENTALS ,6
CS4026,DIGITAL MEDIA SOFTWARE AND SYSTEMS 4 ,6
CS4027,INFORMATION RETRIEVAL AND KNOWLEDGE ,6
CS4028,E-BUSINESS ARCHITECTURES ,6
CS4029,ADVANCED AUDIO PRODUCTION ,6
CS4030,DIGITAL ARTS 2 ,6
CS4031,INTRODUCTION TO DIGITAL MEDIA ,6
CS4032,DIRECTED STUDY FOR MMPT 1 ,6
CS4033,INFORMATION-FLOWS IN BUSINESS ,6
CS4034,DIGITAL MEDIA SOFTWARE AND SYSTEMS 3 ,6
CS4036,ADVANCED DIGITAL AUDIO AND VIDEO ,6
CS4037,DIRECTED STUDY FOR MMPT 4 ,6
CS4038,DIRECTED STUDY FOR MMPT 5 ,6
CS4040,ADVANCED VIDEO PRODUCTION ,6
CS4041,HEALTH INFORMATION FLOW AND USE ,6
CS4042,DIRECTED STUDY FOR DMD 1 ,6
CS4043,GAMES MODELLING DESIGN ,6
CS4044,APPLIED DIGITAL AUDIO ,6
CS4045,MEDICAL IMAGING ,6
CS4046,MEDIA PROGRAMMING 3 ,6
CS4047,MULTIMEDIA INDUSTRY PERSPECTIVES ,6
CS4048,DIGITAL MEDIA SOFTWARE AND SYSTEMS 6 ,6
CS4049,VISUAL CODING ,6
CS4050,DIRECTED STUDIES 2 ,6
CS4051,MEDICAL DECISION SUPPORT SYSTEMS ,6
CS4052,FOUNDATIONS OF INTERACTION DESIGN ,6
CS4053,DIGITAL VIDEO FUNDAMENTALS ,6
CS4054,APPLIED DIGITAL VIDEO ,6
CS4055,DATA MINING AND DATA WAREHOUSING ,6
CS4056,MOBILE APPLICATION DESIGN ,6
CS4057,MACHINE LEARNING AND AI FOR GAMES ,6
CS4058,ADVANCED TOPICS IN DIGITAL MEDIA ,6
CS4059,CREATIVE CODING ,6
CS4061,MEDIA PROGRAMMING 1 ,6
CS4062,WEB DEVELOPMENT FOR MEDIA STUDENTS ,6
CS4063,DIGITAL MEDIA SOFTWARE AND SYSTEMS 2 ,6
CS4064,DIRECTED STUDY DMD 2 ,6
CS4065,WEB INFRASTRUCTURE ,6
CS4066,ALGORITHMIC AND GENERATIVE COMPOSITION ,6
CS4067,WRITING GAMES ANALYSIS ,6
CS4068,MUSIC AND MEDIA PROJECT 2 ,12
CS4071,VIRTUAL AND AUGMENTED REALITY DESIGN ,6
CS4072,MEDIA PROGRAMMING 2 ,6
CS4073,DIGITAL ARTS ,6
CS4074,AUDIO AND VIDEO PRODUCTION ,6
CS4075,COMPUTER GAMES PROGRAMMING - TOOLS AND ,6
CS4076,EVENT DRIVEN PROGRAMMING ,6
CS4077,DIGITAL MEDIA SOFTWARE AND SYSTEMS 5 ,6
CS4078,APPLIED INTERACTION DESIGN ,6
CS4081,ELECTRONIC HEALTH RECORD MANAGEMENT ,6
CS4082,INTRODUCTION TO WEB DEVELOPMENT ,6
CS4083,SOUND SYNTHESIS ,6
CS4084,MOBILE APPLICATION DEVELOPMENT ,6
CS4085,COMPUTER GRAPHICS II - TOOLS AND TECHNIQUES ,6
CS4086,MOBILE APPLICATION DESIGN ,6
CS4087,MUSIC AND MEDIA PROJECT 1 ,6
CS4088,USER EXPERIENCE IN PRACTICE ,6
CS4091,PROGRAMMING 1 ,6
CS4092,PROGRAMMING 2 ,6
CS4093,GAMES FOR GLOBAL MARKETS ,6
CS4096,ARTIFICIAL INTELLIGENCE FOR GAMES ,6
CS4097,MULTIMEDIA GAMES PROJECT 1 ,6
CS4098,MULTIMEDIA GAMES PROJECT 2 ,12
CS4101,INTRODUCTION TO MODEL-DRIVEN DEVELOPMENT ,6
CS4103,USER RESEARCH METHODS ,6
CS4106,MACHINE LEARNING: METHODS AND APPLICATIONS ,6
CS4107,PERFORMANCE TECHNOLOGY 2 ,6
CS4108,"AI CULTURE: THEMES, IDEAS, DEBATES ",6
CS4111,COMPUTER SCIENCE 1 ,6
CS4112,COMPUTER SCIENCE 2 ,6
CS4115,DATA STRUCTURES AND ALGORITHMS ,6
CS4116,SOFTWARE DEVELOPMENT PROJECT ,6
CS4123,INFORMATION MODELLING AND SPECIFICATION ,6
CS4125,SYSTEMS ANALYSIS AND DESIGN ,6
CS4126,3D MODELLING AND DIGITAL FABRICATION ,6
CS4127,DIGITAL MEDIA DESIGN PROJECT 1 ,6
CS4128,DIGITAL MEDIA DESIGN PROJECT 2 ,12
CS4131,INTRODUCTION TO SCIENTIFIC COMPUTATIONS 3 ,3
CS4132,HEALTH SYSTEMS ,6
CS4135,SOFTWARE ARCHITECTURES ,6
CS4136,TOPICS IN AI (SEMINAR SERIES) ,6
CS4141,INTRODUCTION TO PROGRAMMING ,6
CS4142,ETHICAL AND LEGAL ISSUES IN HEALTH ,6
CS4146,DOCUMENT ARCHITECTURES ,6
CS4147,HEALTH INFORMATICS PROJECT 1 ,6
CS4148,HEALTH INFORMATICS PROJECT 2 ,12
CS4151,DIGITAL MODELLING AND ANIMATION ,6
CS4152,HEALTH SYSTEMS: DIRECTED STUDIES ,6
CS4156,INTRODUCTION TO APPLIED DIGITAL SIGNAL PROCESSING ,6
CS4157,SOFTWARE QUALITY ,6
CS4158,PROGRAMMING LANGUAGE TECHNOLOGY ,6
CS4161,INTRODUCTION TO DIGITAL MEDIA FOR ARTS ,6
CS4162,VIRTUAL WORLDS ,6
CS4167,HEALTH INFORMATICS RESEARCH ,6
CS4168,DATA MINING ,6
CS4171,PROGRAMMING FOR ARTIFICIAL INTELLIGENCE ,6
CS4172,E-HEALTH SYSTEMS ,6
CS4174,PERFORMANCE TECHNOLOGY 1 ,6
CS4177,TELECOMMUNICATION SERVICES ,6
CS4178,SOFTWARE REQUIREMENTS AND MODELLING ,6
CS4182,FOUNDATIONS OF COMPUTER SCIENCE 2 ,6
CS4187,PROFESSIONAL ISSUES IN COMPUTING ,6
CS4197,COMPUTER GAMES DEVELOPMENT PROJECT 1 ,6
CS4198,COMPUTER GAMES DEVELOPMENT PROJECT 2 ,12
CS4202,INDUSTRY LEARNING PROJECT IN COMPUTER SCIENCE ,6
CS4207,ADVANCED PROGRAMMING CONCEPTS AND PRACTICES ,6
CS4211,COMPUTER ORGANISATION 1 ,6
CS4212,COMPUTER ORGANISATION 2 ,6
CS4217,STANDARDISATION IN HEALTH INFORMATICS ,6
CS4221,FOUNDATIONS OF COMPUTER SCIENCE 1 ,6
CS4222,SOFTWARE DEVELOPMENT ,6
CS4227,SOFTWARE DESIGN AND ARCHITECTURE ,6
CS4231,GRAPHIC DESIGN ,6
CS4232,MUSIC AND COMPUTERS ,6
CS4237,MUSIC AND MEDIA PROJECT 1 ,12
CS4238,MUSIC AND MEDIA PROJECT 2 ,12
CS4242,MACHINE LEARNING FOR INTERACTIVE SYSTEMS ,6
CS4247,DIGITAL MEDIA DESIGN PROJECT 1 ,12
CS4248,DIGITAL MEDIA DESIGN PROJECT 2 ,12
CS4261,FOUNDATIONS OF SOFTWARE TESTING ,6
CS4267,MUSIC AND MEDIA PROJECT 1 ,18
CS4268,MUSIC AND MEDIA PROJECT 2 ,18
CS4271,SOFTWARE QUALITY ASSURANCE STANDARDS (MEDICAL ,9
CS4277,DIGITAL MEDIA DESIGN PROJECT 1 ,18
CS4278,DIGITAL MEDIA DESIGN PROJECT 2 ,18
CS4287,NEURAL COMPUTING ,6
CS4313,SOFTWARE ENGINEERING PROJECT ,6
CS4337,BIG DATA MANAGEMENT AND SECURITY ,6
CS4358,INTERACTIVE MULTIMEDIA ,6
CS4407,FINAL YEAR PROJECT 1 (SOFTWARE DEVELOPMENT AND ,6
CS4408,FINAL YEAR PROJECT 2 (SOFTWARE DEVELOPMENT AND ,12
CS4411,IMPERATIVE PROGRAMMING 1 ,6
CS4416,DATABASE SYSTEMS ,6
CS4421,PROBLEM SOLVING WITH COMPUTERS ,15
CS4422,DATA CENTRIC COMPUTING ,21
CS4431,EFFECTIVELY BUILDING SOFTWARE WITH OTHERS ,15
CS4436,ETHICAL HACKING AND SECURITY 2 ,6
CS4437,SCALING FOR RELIABILITY AND PERFORMANCE ,15
CS4442,COMPUTATION AND ARCHITECTURE 1 ,12
CS4443,COMPUTATION AND ARCHITECTURE 2 ,6
CS4444,RESIDENCY 2: SOFTWARE/SYSTEM DEV. PART 2 ,30
CS4445,HUMAN CENTRIC COMPUTING ,21
CS4446,RESIDENCY 3: USER INTERACTION IN PRACTICE ,21
CS4447,COMPUTATIONAL THINKING ,15
CS4448,RESIDENCY 4A: SOFTWARE DESIGN AND ARCHITECTURE ,30
CS4449,IMMERSIVE SOFTWARE ENGINEERING PROJECT ,9
CS4453,RESIDENCY 1: SOFTWARE SYSTEMS/DEV PART 1 ,21
CS4455,ETHICAL HACKING AND SECURITY 1 ,12
CS4456,INFORMATION SYSTEMS IN ORGANISATIONS ,6
CS4457,PROJECT MANAGEMENT AND PRACTICE ,6
CS4458,COMPUTER SUPPORTED COOPERATIVE WORK ,6
CS4459,RESIDENCY 4B: SOFTWARE DESIGN AND ARCHITECTURE ,9
CS4512,IMPERATIVE PROGRAMMING 2 ,6
CS4513,INTRODUCTION TO SYSTEMS ANALYSIS ,6
CS4517,SOFTWARE LOCALISATION I ,6
CS4518,SOFTWARE LOCALISATION II ,6
CS4556,BUSINESS ORIENTED PROGRAMMING LANGUAGES ,6
CS4558,LEVERAGING LEGACY APPLICATIONS ,6
CS4566,REQUIREMENTS ENGINEERING ,6
CS4617,COMPUTER SYSTEMS PROJECT 1 ,6
CS4618,COMPUTER SYSTEMS PROJECT 2 ,12
CS4702,LANGUAGE PROGRAMMING 1 ,6
CS4703,LANGUAGE PROGRAMMING II ,6
CS4815,COMPUTER GRAPHICS ,6
CS4818,PROFESSIONAL ISSUES IN SOFTWARE ENGINEERING ,6
CS4826,HUMAN-COMPUTER INTERACTION ,6
CS4911,INTRODUCTION TO INFORMATION TECHNOLOGY ,6
CS4912,INTRODUCTION TO INFORMATION TECHNOLOGY GROUP 2 ,6
CS4913,BUSINESS INFORMATION SYSTEMS ,6
CS4925,BUSINESS INFORMATION TECHNOLOGY 1 ,6
CS5004,DEEP LEARNING ,6
CS5011,INTRODUCTION TO LOCALISATION ,6
CS5012,BEST PRACTICE INTERNATIONALISATION ,6
CS5014,DATA SCIENCE ,6
CS5021,INTRODUCTION TO COMPUTER PROGRAMMING ,6
CS5022,LOCALISATION ENGINEERING ,6
CS5024,THEORY AND PRACTICE OF ADVANCED AI ECOSYSTEMS ,6
CS5031,LANGUAGE ENGINEERING FUNDAMENTALS ,6
CS5032,LOCALISATION TOOLS AND TECHNOLOGIES ,6
CS5041,INTRODUCTION TO PROJECT MANAGEMENT ,6
CS5042,WEB APPLICATION DEVELOPMENT ,6
CS5051,PROGRAMMING A ,9
CS5052,PROGRAMMING B ,6
CS5061,ICT EMPLOYABILITY SKILLS WORKSHOP ,3
CS5062,DATA ANALYTICS ,6
CS5071,AGILE SOFTWARE DEVELOPMENT ,6
CS5081,CONTINUOUS SOFTWARE ENGINEERING ,6
CS5111,PROGRAMMING LANGUAGE 1 ,6
CS5112,PROGRAMMING LANGUAGE 2 ,6
CS5121,DEVELOPMENT OF INFORMATION SYSTEMS 1 ,6
CS5122,DEVELOPMENT OF INFORMATION SYSTEMS 2 ,6
CS5131,DECISION SUPPORT SYSTEMS ,6
CS5211,COMPUTER ORGANISATION ,6
CS5212,OPERATING SYSTEMS ,6
CS5501,LOCALISATION PROCESS 1 ,6
CS5502,LOCALISATION PROCESS II ,6
CS5511,LANGUAGE ENGINEERING 1 ,6
CS5512,LANGUAGE ENGINEERING II ,6
CS5522,QUALITY AND LOCALISATION ,6
CS5611,ACOUSTICS AND PSYCHOACOUSTICS ,6
CS5621,MIDI AND STUDIO RECORDING ,6
CS5622,PROGRAMMING MUSIC SYSTEMS ,6
CS5631,SOUND SYNTHESIS AND MANIPULATION ,6
CS5632,COMPUTER SYSTEMS AND MODELS IN MUSIC ,6
CS5641,ELECTRONIC ARTS 1 ,6
CS5642,ELETRONIC ARTS 2 ,6
CS5652,TOPICS IN SOFTWARE ENGINEERING ,6
CS5701,SE FUNDAMENTALS ,6
CS5702,SOFTWARE ENGINEERING REQUIREMENTS ,6
CS5703,SOFTWARE QUALITY ,6
CS5705,SOFTWARE ENGINEERING HUMAN COMPUTER INTERACTION ,6
CS5707,SE DEVELOPMENT PARADIGMS ,6
CS5708,SE RESEARCH AND PRACTICE ,0
CS5709,SOFTWARE ENGINEERING EVOLUTION ,6
CS5711,MSC SE PROJECT 1 ,6
CS5712,MSC SE PROJECT 2 ,30
CS5713,MSC SE PROJECT 3 ,30
CS5721,SOFTWARE DESIGN ,6
CS5722,SOFTWARE ARCHITECTURE ,6
CS5731,PHILOSOPHY OF RESEARCH ,6
CS5741,CONCURRENCY AND PARALLELISM IN SOFTWARE ,6
CS6001,PRINCIPAL ISSUES IN LOCALISATION ,6
CS6002,LOCALISATION ENGINEERING AND QUALITY ,6
CS6003,PROJECT 3 ,6
CS6004,CS - STUDIO III ,30
CS6005,DIGITAL HEALTH TRANSFORMATION PROJECT ,24
CS6013,PROJECT ,30
CS6014,CLINICAL DECISION MAKING AND KNOWLEDGE DISCOVERY ,6
CS6021,FOUNDATIONS OF INTERACTIVE MEDIA DESIGN ,12
CS6022,PRINCIPLES OF INTERACTIVE MEDIA DESIGN ,12
CS6023,PROJECT 2 ,30
CS6024,DIGITAL HEALTH AND WELLBEING IN THE COMMUNITY ,6
CS6031,INTERACTIVE MEDIA IN SOCIETY ,6
CS6032,PROFESSIONAL ISSUES IN INTERACTIVE MEDIA ,6
CS6033,DISSERTATION (MSc GLOBAL COMPUTING AND ,30
CS6034,DATA SCIENCE AND ARTIFICIAL INTELLIGENCE IN ,6
CS6041,INTERACTIVE MEDIA PROJECT/WORKSHOP 1 ,6
CS6042,INTERACTIVE MEDIA PROJECT/WORKSHOP 2 ,6
CS6043,GRADUATION STUDIO ,30
CS6044,DIGITAL HEALTH CHANGE MANAGEMENT ,6
CS6052,INTERACTIVE MEDIA IN PUBLIC SPACES (LIT) ,6
CS6053,INTERACTIVE NARRATIVES ,6
CS6054,DIGITAL HEALTH AND CLINICAL TRIALS ,6
CS6061,INTERNATIONALISATION REQUIREMENTS AND ,6
CS6062,LOCALISATION PROCESS AUTOMATION ,6
CS6063,CS - STUDIO II ,12
CS6064,MEDICAL DEVICES ,6
CS6072,TRANSLATION TECHNOLOGY ,6
CS6073,GAME BALANCE ,6
CS6074,MEDICAL DIAGNOSTICS ,6
CS6081,RESEARCH METHODS AND PRACTICE ,6
CS6082,ADVANCED LANGUAGE ENGINEERING ,6
CS6083,GAMES AND PHYSICAL ENVIRONMENTS II ,6
CS6084,APPLICATIONS OF ARTIFICIAL INTELLIGENCE IN ,6
CS6091,DISSERTATION 1 ,6
CS6092,DISSERTATION 2 ,6
CS6093,DISSERTATION 3 ,6
CS6094,TRANSFORMATION PROJECT B ,15
CS6101,INTERACTIVE MEDIA DESIGN FOR E-LEARNING ,6
CS6102,INTELLIGENT LINGUISTIC SYSTEMS ,6
CS6103,HEALTH INFORMATICS DISSERTATION ,30
CS6104,DECISION-MAKING IN HEALTHCARE ,6
CS6111,FUNDAMENTALS OF LANGUAGE ENGINEERING ,6
CS6112,COMPUTER ASSISTED LEARNING ,6
CS6113,TRANSLATION TECHNOLOGY SYSTEMS ,6
CS6114,FUNDAMENTALS OF MACHINE LEARNING FOR HEALTHCARE ,6
CS6121,PROJECT 1 ,6
CS6122,AUTHORING AND MANAGEMENT SYSTEMS ,6
CS6123,DISSERTATION 1 ,12
CS6124,DISSERTATION 2 ,18
CS6131,MIDI AND COMPUTER PROGRAMMING ,6
CS6132,SPEECH SYNTHESIS AND RECOGNITION ,6
CS6133,PROJECT DEFINITION ,6
CS6134,MACHINE LEARNING APPLICATIONS ,6
CS6141,AUDIO TECHNOLOGY AND PRODUCTION TECHQNIUES ,6
CS6142,PROJECT 2 ,6
CS6143,ARTIFICIAL INTELLIGENCE AND MACHINE LEARNING ,30
CS6144,INTRODUCTION TO DEEP LEARNING IN HEALTHCARE ,6
CS6151,PROGRAMMING FOR INTERNATIONALISATION ,6
CS6152,PROJECT 1 ,6
CS6153,MSC PROJECT ,30
CS6154,HEALTHCARE APPLICATIONS DEVELOPMENT ,6
CS6161,HEALTH INFORMATICS APPLICATION ,6
CS6162,CONTEMPORARY ART IN THE PUBLIC REALM ,6
CS6163,ADVANCED TOPICS SEMINARS AND PROJECT ,6
CS6171,ELECTRONIC HEALTH RECORD MANAGEMENT ,6
CS6172,HEALTH CARE INFORMATION SYSTEMS DEVELOPMENT ,6
CS6173,DATA SCIENCE AND STATISTICAL LEARNING CSIS PROJECT ,30
CS6181,RESEARCH METHODS IN HEALTH INFORMATICS ,6
CS6182,HEALTH INFORMATICS PROJECT MANAGEMENT ,6
CS6183,ACTION RESEARCH IN HEALTHCARE ,6
CS6191,MEDICAL DECISION SUPPORT SYSTEMS ,6
CS6192,STRATEGIC ISSUES IN HEALTH INFORMATICS ,6
CS6193,DIGITAL HEALTH PROJECT MANAGEMENT ,6
CS6201,REQUIREMENTS ENGINEERING FOR HEALTH INFORMATICS ,6
CS6202,E-HEALTH SYSTEMS ,6
CS6203,PROJECT DEFINITION B ,3
CS6211,DIGITAL ARTS ,6
CS6212,ICT FOR EVIDENCE-BASED HEALTH CARE ,6
CS6213,MHEALTH APPS AND DEVICES ,6
CS6221,PROGRAMMING PROTOCOLS FOR MUSICAL SYSTEMS ,6
CS6222,DISSERTATION 1 ,6
CS6223,DISSERTATION 2 ,30
CS6231,LOCALISATION PROJECT MANAGEMENT ,9
CS6232,MOBILE APPLICATION DESIGN ,6
CS6233,TRANSFORMATION PROJECT A ,9
CS6241,DIRECTED STUDY: LOCALISATION STANDARDS AND BEST ,3
CS6242,PHYSICAL COMPUTING: MUSICAL INTERFACES ,6
CS6251,PRINCIPAL ISSUES IN LOCALISATION ,9
CS6252,DIRECTED STUDY: APPLIED RESEARCH METHODS ,3
CS6261,NODE.JS DEVELOPMENT ,6
CS6262,RESEARCH PROJECT ,6
CS6271,EVOLUTIONARY COMPUTATION AND HUMANOID ROBOTICS ,6
CS6272,ADVANCED LANGUAGE ENGINEERING ,9
CS6281,CODE AND ART ,6
CS6282,LOCALISATION PROCESS AUTOMATION ,9
CS6291,"FUNDAMENTALS OF AUDIO, VIDEO AND PROGRAMMING ",6
CS6292,TRANSLATION TECHNOLOGY ,9
CS6301,REALTIME AUDIO AND VIDEO ,6
CS6302,BEST PRACTICE INTERNATIONALISATION ,9
CS6311,TIME BASED MEDIA ,6
CS6312,CREATIVE CODING ,6
CS6321,Game Design 1: Game Mechanics ,9
CS6322,SOFTWARE DEVELOPMENT PROCESS IMPROVEMENT ,6
CS6331,RAPID GAME PROTOTYPING ,9
CS6332,RESEARCH METHODS FOR ART AND DESIGN ,6
CS6341,GAMES AND PHYSICAL ENVIRONMENTS 1 ,6
CS6342,ART AND TECHNOLOGY STUDIO 1 ,9
CS6351,PHYSICAL COMPUTING ,6
CS6352,ART AND TECHNOLOGY STUDIO 2 ,9
CS6361,LANGUAGE ENGINEERING AND TRANSLATION TECHNOLOGY ,6
CS6362,GAME DESIGN II: SYSTEM DESIGN ,9
CS6371,INITIAL PROGRAMMING ,6
CS6372,GAME CRITICISM AND ANALYSIS ,6
CS6381,BEST PRACTICE SOFTWARE INTERNATIONALISATION ,6
CS6382,CS - STUDIO I ,9
CS6391,NEURAL COMPUTING AND DEEP LEARNING ,6
CS6392,THE BUSINESS OF VIDEO GAMES ,6
CS6401,DATABASE SYSTEMS IN PRACTICE ,6
CS6402,INTERMEDIATE PROGRAMMING ,6
CS6411,RESEARCH PROJECT 1 (MSC in ARTIFICIAL INTELLIGENCE ,12
CS6412,INTRODUCTION TO DIGITAL HEALTH TRANSFORMATION ,6
CS6421,AI RESEARCH FRONTIERS (SEMINAR SERIES) ,12
CS6422,"EHEALTH SYSTEMS, STANDARDS, AND DIGITAL SERVICES ",6
CS6431,FOUNDATIONS OF INTERACTION AND EXPERIENCE DESIGN ,6
CS6432,HEALTH INFORMATION MODELLING AND GOVERNANCE ,6
CS6441,FOUNDATIONS OF INTERACTION AND EXPERIENCE DESIGN ,6
CS6442,HEALTH SERVICE DIGITAL TRANSFORMATION ,6
CS6452,DIGITAL HEALTH RESEARCH DESIGN ,6
CS6462,PROBABILISTIC AND EXPLAINABLE AI ,6
CS6472,RESEARCH METHODS AND SPECIFICATION ,6
CS6482,DEEP REINFORCEMENT LEARNING ,6
CS6492,RESEARCH PROJECT 2 (MSC IN ARTIFICIAL INTELLIGENCE ,18
CS6501,MACHINE LEARNING AND APPLICATIONS ,6
CS6502,APPLIED BIG DATA AND VISUALIZATION ,6
CS6512,ARTIFICIAL INTELLIGENCE AND DATA SCIENCE ,6
CS6513,RESEARCH METHODS ,18
CS6514,ARTIFICIAL INTELLIGENCE AND MACHINE LEARNING ,15
CS6515,RESIDENCY 5A: IMMERSIVE SOFTWARE ENGINEERING ,15
CS6522,DIGITAL HEALTH INNOVATION ECOSYSTEMS ,6
CS6524,SOFTWARE MEETS WORLD ,15
CS6525,RESIDENCY 5B: IMMERSIVE SOFTWARE ENGINEERING ,27
CS6532,HEALTHCARE DESIGN THINKING ,6
CS6542,HEALTH INFORMATION MANAGEMENT ,6
CS6552,PROJECT DEFINITION A ,3
CS6562,DIGITAL HEALTH APPLICATIONS AND SERVICES ,6
CS6572,PRINCIPLES OF INTERACTION AND EXPERIENCE DESIGN 1 ,6
CS6582,PRINCIPLES OF INTERACTION AND EXPERIENCE DESIGN 2 - ,6
CS8007,RESEARCH IMPACT AND DISSEMINATION ,6
CS8009,RESEARCH CONFERENCE/WORKSHOP ,6
CS8012,RESEARCH METHODS FOR PROFESSIONAL PRACTICE 1 ,6
CS8013,DIGITAL RESEARCH MANAGEMENT ,3
CS8021,ARTIFICIAL INTELLIGENCE METHODS ,12
CS8022,RESEARCH METHODS FOR PROFESSIONAL PRACTICE 2 ,6
DM4003,OPERATIONS MODELLING (ENG) ,6
DM4004,PLANT AUTOMATION (ENG) ,6
DM4006,ENGINEERING DESIGN ,6
DM4007,DESIGN PROJECT 1 ,6
DM4008,DESIGN PROJECT 2 ,6
DM4013,STEM RESEARCH INTERNSHIP ,12
DM4016,PRODUCT AUTOMATION ,6
DM4017,SIMULATION MODELLING AND ANALYSIS ,6
DM4018,DESIGN PROJECT 3 ,6
DM4027,MEASUREMENT AND QUALITY SYSTEMS (ENG) ,6
DM4028,ENGINEERING SUSTAINABLE PRODUCTS ,6
DM4038,ADVANCED MANUFACTURING ,6
DM5011,AUTOMATED SYSTEM DESIGN (BLENDED) ,6
DM5012,TECHNOLOGY TRAJECTORY STRATEGY ,6
DM5021,DISRUPTIVE INNOVATION IN CONTEXT ,6
DM5022,SYSTEM INTEGRATION (BLENDED) ,6
DM6001,LOW COST AUTOMATED SYSTEMS ,6
DM6002,MECHATRONICS PROJECT 1 ,3
DM6003,MECHATRONICS DESIGN PROJECT ,27
DM6011,AUTOMATED SYSTEM DESIGN ,6
DM6012,3D CAD MODELLING AND MACHINE DESIGN ,6
DM6021,ADVANCED AND EMERGING MANUFACTURING ,6
DM6022,SYSTEM INTEGRATION ,6
DM6031,AUTOMATION AND CONTROL ,6
ED5002,REAL-TIME SYSTEMS ,6
ED5005,PROJECT AND DISSERTATION - ARTIFICIAL INTELLIGENCE ,30
ED5011,DIGITAL ELECTRONICS 1 ,6
ED5012,COMPUTER NETWORKS 2 ,6
ED5031,SOFTWARE ENGINEERING ,6
ED5041,COMPUTER NETWORKS 1 ,6
ED5042,MOBILE APP DEVELOPMENT ,6
ED5051,MIDDLEWARE INTEGRATION SOFTWARE DEVELOPMENT 1 ,6
ED5052,MOBILE AND SECURE CLOUD COMPUTING PROJECT ,12
ED5061,MIDDLEWARE INTEGRATION SOFTWARE DEVELOPMENT 2 ,6
ED5062,INDUSTRY LEARNING PROJECT 2 ,6
ED5071,COMPUTER ENGINEERING FUNDAMENTALS ,6
ED5072,ADVANCED TOPIC SEMINARS AND PROJECT ,6
ED5073,RESEARCH METHODS AND PROJECT SPECIFICATION ,6
ED5081,INTRODUCTION TO WEB AND DATABASE TECHNOLOGY ,6
ED5082,OPERATING SYSTEMS FOR COMPUTER ENGINEERS ,6
ED5092,PROJECT (MOBILE AND SECURE CLOUD COMPUTING) ,6
ED5132,PROJECT IDENTIFICATION AND SPECIFICATION ,6
ED5502,DIGITAL SYSTEMS 4 ,6
ED6001,PROJECT 1 (COMPUTER ENGINEERING) ,18
ED6002,PROJECT 2 (COMPUTER ENGINEERING) ,18
EE2001,COMPUTER SOFTWARE (BLENDED) ,6
EE2002,DIGITAL CONTROL (BLENDED DELIVERY) ,6
EE2003,PROJECT - ELECTRONICS/COMPUTER ENGINEERING ,6
EE2011,MOBILE APP DEVELOPMENT (BLENDED) ,6
EE2012,SOFTWARE ENGINEERING (BLENDED) ,6
EE2021,DATA SECURITY (BLENDED ,6
EE4001,ELECTRICAL ENGINEERING 1 ,6
EE4003,THE ENGINEER AS A PROFESSIONAL ,6
EE4005,ELECTRICAL POWER SYSTEMS ,6
EE4008,AVIONICS ,6
EE4011,ENGINEERING COMPUTING ,6
EE4012,CIRCUIT ANALYSIS 1 ,6
EE4014,ELECTRICAL ENERGY ,6
EE4015,ELECTRICAL POWER SYSTEMS ,6
EE4021,GENERAL ENGINEERING ,3
EE4022,SEMICONDUCTOR DEVICE FUNDAMENTALS ,6
EE4023,DISTRIBUTED SYSTEMS ,6
EE4024,ELECTRICAL ENERGY (ELECTRICAL MACHINES) ,6
EE4027,TELECOMMUNICATION NETWORK ARCHITECTURES 1 ,6
EE4028,TELECOMMUNICATION NETWORK ARCHITECTURES 2 ,6
EE4031,MODERN ELECTRICAL POWER SYSTEMS ,6
EE4032,TENSOR AND GPU FUNDAMENTALS ,6
EE4034,TELECOMMUNICATIONS FUNDAMENTALS ,6
EE4038,POWER ELECTRONICS ,6
EE4041,ELECTRIFICATION OF TRANSPORT ,6
EE4042,ENERGY DEMAND MANAGEMENT ,6
EE4044,COMMUNICATIONS AND NETWORKS PROTOCOLS ,6
EE4047,ELECTRICAL ENGINEERING PROJECT 1 ,6
EE4048,ELECTRICAL ENGINEERING PROJECT 2 ,6
EE4052,MASTER OF ENGINEERING PROJECT PREPARATION ,6
EE4102,ELECTRICAL SCIENCE 2 ,6
EE4115,SYSTEMS ANALYSIS ,6
EE4117,ELECTROMAGNETICS 1 ,6
EE4207,INDUSTRIAL AUTOMATION ,6
EE4214,CONTROL 1 ,6
EE4216,CONTROL 2 ,6
EE4218,CONTROL 2 ,6
EE4313,ACTIVE CIRCUIT DESIGN 1 ,6
EE4314,ACTIVE CIRCUIT DESIGN 2 ,6
EE4316,ACTIVE CIRCUIT DESIGN 3 ,6
EE4317,ACTIVE CIRCUITS 4 ,6
EE4328,POWER ELECTRONICS ,6
EE4407,ASICS 1 ,6
EE4408,ASICS 2 ,6
EE4522,DIGITAL SYSTEMS 1 ,6
EE4523,DIGITAL SYSTEMS 2 ,6
EE4524,DIGITAL SYSTEMS 3 ,6
EE4617,COMMUNICATION THEORY 1 ,6
EE4816,SIGNALS AND SYSTEMS 1 ,6
EE4901,ELECTRICAL ENGINEERING (DISTANCE LEARNING) ,6
EE4902,SOLID STATE DEVICES (DISTANCE LEARNING) ,6
EE4903,MODELLING AND CONTROL OF DYNAMIC SYSTEMS ,6
EE4904,VACUUM AND PLASMA SCIENCE (DISTANCE LEARNING) ,6
EE4907,ELECTRONIC ENGINEERING PROJECT 1 ,6
EE4908,ELECTRONIC ENGINEERING PROJECT 2 ,6
EE5011,MODERN ROBOTICS ,6
EE5012,OPERATING SYSTEMS ,6
EE5042,"ROBOTIC PLANNING, MAPPING & MANIPULATION ",6
EE5052,ROBOTIC SENSING & PERCEPTION ,6
EE6001,MASTER OF ENGINEERING PROJECT 1 ,15
EE6002,MASTER OF ENGINEERING PROJECT 2 ,15
EE6003,CONVERGED NETWORKS ,6
EE6004,REAL-TIME EMBEDDED SYSTEMS ,6
EE6005,SIGNAL PROCESSING FOR COMMUNICATIONS ,6
EE6006,EDGE COMPUTING AND INTERNET OF THINGS ,6
EE6008,DEEP LEARNING AT THE EDGE ,6
EE6010,MASTER OF ENGINEERING PROJECT 1 - PLANNING & ,6
EE6011,CRYPTOGRAPHY AND SECURITY FUNDAMENTALS ,6
EE6012,DATA FORENSICS ,6
EE6021,TEST DEVELOPMENT ENGINEERING ,6
EE6022,BIOMETRICS ,6
EE6031,MULTIMEDIA COMMUNICATIONS ,6
EE6032,COMMUNICATION AND SECURITY PROTOCOLS ,6
EE6041,TEXT ANALYTICS AND NATURAL LANGUAGE PROCESSING ,6
EE6042,NETWORK AND HOST SECURITY ,6
EE6051,MICROWAVE AND PHOTONICS ENGINEERING ,6
EE6052,WEB-BASED APPLICATION DESIGN ,6
EE6061,INTEGRATED MASTER OF ENGINEERING PROJECT 1 ,12
EE6062,INTEGRATED MASTER OF ENGINEERING PROJECT 2 ,12
EE6071,ANALOG / MIXED SIGNAL TEST AND MEASUREMENT ,9
EE6072,MASTER OF ENGINEERING PROJECT 1 – PROJECT ,6
EE6073,MASTER OF ENGINEERING PROJECT 2 – PROJECT DESIGN & ,30
EE6091,PROJECT 1 ,5
EE6092,PROJECT 2 ,5
EE6093,PROJECT 3 ,20
EE6102,ELECTRICAL MACHINES ,6
EE6202,SMART DEMAND SIDE MANAGEMENT ,6
EE6211,INTRODUCTION TO EMERGING TECHNOLOGIES ,6
EE6401,MASTER OF ENGINEERING PROJECT 1 ,15
EE6402,MASTER OF ENGINEERING PROJECT 2 ,15
EE6411,C++ PROGRAMMING ,6
EE6421,SOFTWARE ENGINEERING ,6
EE6422,REAL-TIME SYSTEMS ,6
EE6451,DIGITAL SIGNAL PROCESSING ,6
EE6452,DIGITAL CONTROL ,6
EE6461,INFORMATION THEORY AND CODING ,6
EE6462,DIGITAL COMMUNICATIONS ,6
EE6471,ADVANCED DIGITAL SYSTEM DESIGN ,6
EE6481,MASTER OF ENGINEERING PROJECT 1 ,15
EE6621,ASICS 1 (DIGITAL ASICS) ,6
EE6622,ASICS 2 (ANALOGUE ASICS) ,6
EE6631,TEST ENGINEERING 1 (PRODUCTION TEST SYSTEMS) ,6
EE6632,TEST ENGINEERING 2 (DEVICE AND CIRCUIT LEVEL TEST) ,6
EE6641,SEMICONDUCTOR TECHNOLOGY ,6
EE6642,NOISE ,6
EE6911,ELECTRIC VEHICLES AND SUSTAINABLE TRANSPORTATION ,6
EE6921,MODERN GRIDS AND TRANSMISSION OF POWER ,6
EN6421,RESEARCH PROJECT 1 (MSC CIVIL ENGINEERNG) ,3
EN6422,RESEARCH PROJECT 2 (MSC CIVIL ENGINEERING) ,6
EN6423,RESEARCH PROJECT 3 (MSC CIVIL ENGINEERING) ,30
EN6431,STRUCTURAL DYNAMICS AND EARTHQUAKE ENGINEERING ,6
EN6441,AIR QUALITY AND NOISE POLLUTION ,6
EN6442,ADVANCED GEOTECHNICAL ENGINEERING ,6
EN6452,INTEGRATED POLLUTION MANAGEMENT ,6
EN6462,ENERGY EFFICIENT BUILDINGS 2 ,6
EN6472,ADVANCED STRUCTURES ,6
EQ2001,HORSEMANSHIP 1 ,6
EQ2002,HORSEMANSHIP 2 ,6
EQ2003,HORSEMANSHIP 3 ,6
EQ2101,HORSEMANSHIP 1A ,6
EQ2102,HORSEMANSHIP 2A ,6
EQ2103,HORSEMANSHIP 3A ,6
EQ2922,EQUESTRIAN SKILL ANALYSIS ,6
EQ2923,FOUNDATIONS OF EQUINE LOCOMOTION ,6
EQ2931,INTRODUCTION TO HORSEMANSHIP ,6
EQ3006,PROBLEM IDENTIFICATION AND PRACTICAL SOLUTIONS ,6
EQ4001,PRINCIPLES OF EQUITATION ,6
EQ4002,EQUINE EXERCISE SCIENCE 1 ,6
EQ4003,EQUINE EXERCISE SCIENCE 2 ,6
EQ4004,EQUINE MANAGEMENT ,6
EQ4005,EQUINE PERFORMANCE ,6
EQ4007,EQUINE COMPETITION 1 ,6
EQ4008,EQUINE TEACHING PRINCIPLES 2 ,6
EQ4011,INTRODUCTION TO HORSEMANSHIP ,6
EQ4012,THE HORSE INDUSTRY ,6
EQ4013,FOUNDATIONS OF EQUINE LOCOMOTION ,6
EQ4014,FOUNDATIONS OF EQUINE PERFORMANCE ,6
EQ4017,EQUINE TEACHING PRINCIPLES 1 ,6
EQ4018,EQUINE COMPETITION 2 ,6
EQ4021,FUNDAMENTALS OF EQUINE LOCOMOTION ,6
EQ4022,FOUNDATIONS OF EQUINE PERFORMANCE ,6
EQ4025,THE YOUNG HORSE ,6
EQ4026,ADVANCED RIDING TECHNIQUES AND PROBLEM ANALYSIS ,6
EQ4027,EQUESTRIAN FACILITIES ,6
EQ4031,PRINCIPLES OF EQUINE TRAINING ,6
EQ4032,EQUESTRIAN SKILL ANALYSIS ,6
EQ4037,PERFORMANCE RIDER DEVELOPMENT ,6
EQ4038,TRAINING THE PERFORMANCE HORSE ,6
EQ4041,DEVELOPING THE RIDER ,6
EQ4048,MANAGING THE PERFORMANCE HORSE ,6
EQ4051,INTRODUCTION TO HORSEMANSHIP ,6
EQ4058,EQUINE EXERCISE PHYSIOLOGY ,6
EQ4068,ADVANCED EQUINE PHYSIOLOGY ,6
EQ4907,PROJECT 1 (EQUINE SCIENCE) ,6
EQ4908,PROJECT 2 (EQUINE SCIENCE) ,6
ER2001,SUSTAINABILITY MANAGEMENT IN PRACTICE ,9
ER4001,ENERGY AND THE ENVIRONMENT ,6
ER4002,ENVIRONMENTAL MODELLING & GIS 1 ,6
ER4003,ENVIRONMENTAL MODELLING & GIS 2 ,6
ER4011,INTRODUCTION TO ENVIRONMENTAL & BIOSCIENCES ,3
ER4101,SYSTEMATIC ENVIRONMENTAL SCIENCE ,6
ER4304,GEOSCIENCE ,6
ER4404,MANAGING THE ENVIRONMENT ,6
ER4405,CONSERVATION ECOLOGY ,6
ER4407,ENVIRONMENTAL MANAGEMENT 1 ,6
ER4408,ENVIRONMENTAL MANAGEMENT 2 ,6
ER4417,ENVIRONMENTAL IMPACT ASSESSMENT ,6
ER4428,UTILISATION OF NON-RENEWABLE RESOURCES ,6
ER4438,ENVIRONMENTAL FATE MODELING ,6
ER4448,MANAGING SAFETY & HEALTH ,6
ER4507,EFFLUENT CONTROL - WASTE MANAGEMENT 1 ,6
ER4508,POLLUTION CONTROL 2 (WASTE MANAGEMENT) ,6
ER4606,CLEAN TECHNOLOGY ,6
ER4607,CLEAN TECHNOLOGY 1 ,6
ER4608,CLEAN TECHNOLOGY 2 ,6
ER4627,Safety and Industry ,6
ER4707,MONITORING AND RESEARCH METHODS ,6
ER4708,BIOMETRICS ,6
ER4907,PROJECT ON ENVIRONMENTAL SCIENCE ,6
ER4908,PROJECT ENV. SCIENCE ,6
ER6002,MATERIAL AND ENERGY FLOWS ,9
ER6003,RESEARCH PROJECT ,30
ER6012,URBAN FORM AND TRANSPORT ,9
ER6022,URBAN HOUSEHOLD SUSTAINABILITY ,6
ER6032,SUSTAINABLE LIFE CYCLE ENGINEERING ,6
ES4007,ENGINEERING SCIENCE PROJECT 1 ,6
ES4008,ENGINEERING SCIENCE PROJECT 2 ,6
ET2001,ROBOTICS: SENSORS & ACTUATORS (BLENDED DELIVERY) ,6
ET2011,ELECTRICAL AUTOMATION (BLENDED DELIVERY) ,6
ET4003,ELECTRO TECHNOLOGY (ED) ,6
ET4004,TCP / IP NETWORKING ,6
ET4006,ELECTRONICS (ED) ,6
ET4008,TEST ENGINEERING 2: DIGITAL CIRCUIT AND SYSTEM TEST ,6
ET4009,APPRENTICESHIP LEARNING PORTFOLIO 5 ,12
ET4010,APPRENTICESHIP LEARNING PORTFOLIO 6 ,12
ET4011,FUNDAMENTALS OF COMPUTER ORGANISATION ,6
ET4013,COMMUNICATIONS NETWORKING FUNDAMENTALS ,6
ET4014,DATA SECURITY ,6
ET4015,TEST ENGINEERING 1: PRODUCT DEVELOPMENT AND ATE ,6
ET4016,APPRENTICESHIP LEARNING PORTFOLIO 2 ,12
ET4017,COMMUNICATIONS NETWORKING STANDARDS ,6
ET4018,MOBILE AND WIRELESS COMMUNICATIONS ,6
ET4021,ELECTRONICS LIFE CYCLE ENGINEERING ,6
ET4023,INTRODUCTION TO SECURITY AND CRYPTOGRAPHY ,6
ET4025,NETWORK PROTOCOLS LABORATORY ,6
ET4027,COMPUTER FORENSICS ,6
ET4028,HOST AND NETWORK SECURITY ,6
ET4031,ELECTRICAL AUTOMATION ,6
ET4035,"COMPUTER LAW, INVESTIGATION AND ETHICS ",6
ET4038,MOBILE AND WIRELESS JAVA ,6
ET4045,APPRENTICESHIP LEARNING PORTFOLIO 1 ,18
ET4047,EMBEDDED SOFTWARE ,6
ET4048,ELECTRONICS FOR BUILT ENVIRONMENT 2 ,6
ET4057,ELECTRONICS FOR BUILT ENVIRONMENT 1 ,6
ET4058,APPRENTICESHIP LEARNING PORTFOLIO 4 ,12
ET4077,CLOUD COMPUTING ,6
ET4087,ELECTRICAL AUTOMATION ,6
ET4088,ENERGY MANAGEMENT AND TECHNOLOGY ,6
ET4097,APPRENTICESHIP LEARNING PORTFOLIO 3 ,12
ET4111,ELECTROTECHNOLOGY ID ,6
ET4121,LABORATORY SKILLS 1 ,6
ET4122,ANALOGUE ELECTRONICS 2 ,6
ET4132,INTRODUCTION TO WEB AND DATABASE TECHNOLOGY ,6
ET4142,COMPUTER SYSTEMS ARCHITECTURE ,6
ET4151,DIGITAL ELECTRONICS 1 ,6
ET4162,COMPUTING SYSTEMS ORGANISATION ,6
ET4203,ANALOGUE ELECTRONICS 3 ,6
ET4204,ANALOGUE ELECTRONICS 4 ,6
ET4224,ROBOTICS 1: SENSORS AND ACTUATORS ,6
ET4243,WEB AND DATABASE TECHNOLOGY 2 ,6
ET4244,OUTCOME BASED LEARNING LABORATORY 2 ,6
ET4253,COMPUTER SYSTEMS ARCHITECTURE 2 ,6
ET4304,MODERN COMMUNICATIONS: FUNDAMENTALS ,6
ET4305,INSTRUMENTATION AND CONTROL 1 ,6
ET4307,APPLIED CLOUD COMPUTING ,6
ET4334,INTRODUCTION TO CLOUD COMPUTING ,6
ET4345,OPERATING SYSTEMS 2 ,6
ET4407,ELECTRONICS AND THE ENVIRONMENT ,6
ET4427,DATA MINING AND KNOWLEDGE RECOVERY ,6
ET4435,"COMPUTER NETWORKS, STANDARDS, PROTOCOLS & THE ",6
ET4437,DISTRIBUTED COMPUTING AND JAVA ,6
ET4725,OPERATING SYSTEMS 1 ,6
ET4907,ELECTRONIC SYSTEMS PROJECT 1 ,6
ET4908,ELECTRONIC SYSTEMS PROJECT 2 ,6
ET4927,PROJECT 1 ,6
ET4928,PROJECT 2 ,6
ET5003,MACHINE LEARNING APPLICATIONS ,6
EV2001,IRISH HORSE INDUSTRY ,6
EV2902,THE HORSE INDUSTRY ,6
EV2903,EQUINE FEEDING AND BEHAVIOUR ,6
EV2911,EQUINE ANATOMY AND PHYSIOLOGY ,6
EV2913,EQUINE HEALTH AND ENVIRONMENT ,6
EV2914,EQUINE REPRODUCTION ,6
EV4003,EQUINE FEEDING AND BEHAVIOUR ,6
EV4004,EQUINE REPRODUCTION AND MGMT OF MARES AND ,6
EV4005,GRASSLAND AND GRAZING MANAGEMENT ,6
EV4008,EQUINE GENETICS ,6
EV4011,FEEDS AND FEEDING/BEHAVIOUR ,6
EV4012,EQUINE ANATOMY AND PHYSIOLOGY ,6
EV4013,EQUINE PHYSIOLOGY ,6
EV4014,EQUINE NUTRITION ,6
EV4015,EQUINE HEALTH AND DISEASE ,6
EV4017,EQUINE PHARMACOLOGY ,6
EV4018,EQUINE HEALTH AND BEHAVIOUR ,6
EV4021,EQUINE HEALTH AND ENVIRONMENTAL MANAGEMENT ,6
EV4022,EQUINE ANATOMY AND PHYSIOLOGY (CERT) ,6
EV4023,EQUINE HEALTH AND ENVIRONMENTAL MANAGEMENT ,6
EV4024,EQUINE REPRODUCTION ,6
EV4025,EQUINE BREEDING AND GENETICS ,6
EV4032,THE HORSE INDUSTRY ,6
EV4042,EQUINE REPRODUCTION ,6
EY4054,SUBJECT PEDAGOGICS 1 (CHEMISTRY) ,6
EY4056,SUBJECT PEDAGOGICS 2 (SCIENCE) ,6
FS2101,SCIENCE FOUNDATION 1 ,6
FS2102,SCIENCE FOUNDATION 2 ,6
FT4007,FUNCTIONAL FOODS ,6
FT4204,FOOD CHEMISTRY ,6
FT4214,PUBLIC HEALTH NUTRITION ,6
FT4305,FOOD ENGINEERING PRINCIPLES ,6
FT4315,FOOD ENGINEERING OPERATIONS ,3
FT4325,FOOD PROCESSING ,3
FT4335,HEALTH AND FOOD ,6
FT4345,FOOD PROCESSING OPERATIONS ,3
FT4355,ADVANCED NUTRIENT METABOLISM AND HEALTH ,6
FT4365,"FOOD, HEALTH AND DISEASE ",3
FT4375,FOOD PROCESSING OPERATIONS ,6
FT4407,PROJECT 1 FOOD TECHNOLOGY ,6
FT4408,PROJECT 2 FOOD TECHNOLOGY ,6
FT4421,INTRODUCTORY FOOD SCIENCE AND HEALTH ,6
FT4428,ADVANCED FOOD CHEMISTRY ,6
FT4437,MILK PROTEINS AS FOOD INGREDIENTS ,6
FT4438,FOOD MICROBIOLOGY ,3
FT4447,FOOD QUALITY ,3
FT4457,RESEARCH TRENDS IN HEALTH AND FOOD ,3
FT4458,FOOD PRODUCTION SYSTEMS ,3
FT4468,FOOD BIOTECHNOLOGY ,6
FT6001,FOOD SCIENCE AND FOOD SKILLS ,6
FT6002,NUTRITIONAL EPIDEMIOLOGY AND TRANSLATIONAL ,6
FT6003,RESEARCH PROJECT ,30
FT6011,ADVANCED INDUSTRIAL FOOD FERMENTATIONS AND ,6
FT6012,INDUSTRIAL BY-PRODUCT AND FUNCTIONAL FOODS ,6
FT6021,PROTEIN-BASED FUNCTIONAL FOOD INGREDIENTS ,6
FT6022,LIPID-BASED INGREDIENTS AND FUNCTIONAL FOODS ,6
FT6031,CLINICAL IMPLICATIONS OF FUNCTIONAL FOODS ,6
FT6041,PRODUCT DEVELOPMENT & SENSORY PROPERTIES ,6
GT8301,GENERIC AND TRANSFERABLE SKILLS PORTFOLIO ,3
GT8302,GENERIC AND TRANSFERABLE SKILLS PORTFOLIO ,6
GT8303,GENERIC AND TRANSFERABLE SKILLS PORTFOLIO ,9
GT8304,GENERIC AND TRANSFERABLE SKILLS PORTFOLIO ,12
HC4304,HORTICULTURE 1 ,6
HC4305,LAND AND LANDSCAPE MANAGEMENT ,6
HS3101,LEGISLATION ,6
HS3201,RISK MANAGEMENT/SAFETY TECHNOLOGY ,6
HS3302,OCCUPATIONAL HYGIENE ,6
HS3402,OCCUPATIONAL HEALTH ,6
HS3503,CHEMICAL SAFETY AND TOXICOLOGY ,6
HS3603,HUMAN RESOURCES ,6
HS3704,EPIDEMIOLOGY ,6
HS3804,EMERGENCY PLANNING ,6
HS3903,PROJECT HEALTH AND SAFETY ,6
HS3904,PROJECT HEALTH AND SAFETY ,6
HS4001,"ENVIRONMENT, SAFETY AND HEALTH ",6
HS4003,OCCUPATIONAL HYGIENE 1 ,6
HS4005,CHEMICAL SAFETY AND TOXICOLOGY ,6
HS4007,FINAL YEAR PROJECT 1 ,6
HS4008,FINAL YEAR PROJECT 2 ,6
HS4105,OCCUPATIONAL HYGIENE 2 ,6
HS4107,OCCUPATIONAL HEALTH ,6
HS4108,HEALTH AND SAFETY SYSTEMS 2 ,6
HS4205,HEALTH AND SAFETY SYSTEMS 1 ,6
HS4208,SAFETY TECHNOLOGY ,6
ID4112,DESIGN MECHANICS ,6
ID4811,INDUSTRIAL DESIGN 1 ,6
ID4812,INDUSTRIAL DESIGN 2 ,6
IE2001,"TECHNICAL, INDUSTRIAL AND EMPLOYMENT SKILLS ",12
IE2011,INDUSTRY LEARNING PROJECT ,6
IE4041,Lean and Quality Systems Project ,6
IE4214,INDUSTRIAL ORGANISATION ,6
IE4224,SUPPLY CHAIN MODELLING ,6
IE4238,OPERATIONS ANALYSIS AM ,6
IE4248,PROJECT PLANNING AND CONTROL ,6
IE4368,PLANT AND PROCESS MANAGEMENT 1 ,6
IE4518,ENGINEERING PSYCHOLOGY ,6
IE4711,MANUFACTURING INTEGRATION ,6
IE4712,OPERATIONS INTEGRATION ,6
IE5002,SIMULATION MODELLING IN SUPPLY CHAINS ,6
IE5111,WORK ANALYSIS TECHNIQUES ,6
IE5112,INSTRUMENTATION FOR SAFETY ,6
IE5411,HUMAN RELIABILITY ,3
IE5412,OCCUPATIONAL ERGONOMICS ,6
IE5511,HUMAN PERFORMANCE ,3
IE5512,WORK PSYCHOLOGY ,3
IE5542,INDEPENDENT STUDY ,6
IE5552,HUMAN-MACHINE SYSTEMS ,3
IE5631,ANATOMY AND PHYSIOLOGY FOUNDATIONS ,6
IE5711,DESIGN AND ANALYSIS OF EXPERIMENTS ,3
IE5712,DESIGN AND ANALYSIS OF EXPERIMENTS 2 ,3
IE5811,SEMINARS IN PROFESSIONAL ISSUES 1 ,6
IE5812,SEMINARS IN PROFESSIONAL ISSUES 2 ,6
IE5813,SEMINARS IN PROFESSIONAL ISSUES 3 ,6
IE5814,SEMINARS IN PROFESSIONAL ISSUES 4 ,6
IE5911,SAFETY AND HYGIENE ,6
IE5912,WORKPLACE HAZARDS ,6
IE6001,HUMAN RELIABILITY ,6
IE6011,HUMAN PERFORMANCE ,6
IE6013,SAFETY AND ERGONOMICS THESIS 2 ,6
IE6022,WORK PSYCHOLOGY ,6
IE6023,SAFETY AND ERGONOMICS THESIS 3 ,6
IE6202,ENTERPRISE PERFORMANCE MODELLING ,6
IE6211,COMPUTER AIDED PROCESS MODELLING ,6
IT5041,RELATIONAL DATABASE IMPLEMENTATION AND ,6
IT5042,WEB BASED CLIENT DEVELOPMENT ,6
IT5051,ADVANCED TOPICS IN OBJECT ORIENTATED APPLICATION ,6
IT5052,WEB APPLICATION DEVELOPMENT PROJECT ,12
IT5062,CUSTOM SOFTWARE DEVELOPMENT ,6
IT5072,SOFTWARE ARCHITECTURE AND DESIGN PROJECT ,6
IT5082,NETWORKING CLIENTS ,6
IT5092,NETWORK SOLUTIONS ARCHITECTURE PROJECT ,6
LS4003,INTRODUCTORY ANATOMY AND PHYSIOLOGY ,6
LS4007,FINAL YEAR PROJECT 1 (BIOLOGICAL SCIENCE) ,6
LS4008,FINAL YEAR PROJECT 2 (BIOLOGICAL SCIENCE) ,6
LS4017,FINAL YEAR PROJECT 1 (BIOLOGICAL SCIENCE) ,3
LS4018,FINAL YEAR PROJECT 2 (BIOLOGICAL SCIENCE) ,3
MA2001,MATHEMATICS 1 ,6
MA2002,MATHEMATICS 2 ,6
MA2121,FOUNDATION MATHEMATICS 1 ,6
MA2122,FOUNDATION MATHEMATICS 2 ,6
MA2131,FOUNDATION ENGINEERING MATHEMATICS 1 ,6
MA2132,FOUNDATION ENGINEERING MATHEMATICS 2 ,6
MA2302,Foundation Statistics ,6
MA4001,ENGINEERING MATHEMATICS 1 ,6
MA4002,ENGINEERING MATHEMATICS 2 ,6
MA4003,ENGINEERING MATHEMATICS 3 ,6
MA4004,ENGINEERING MATHEMATICS 4 ,6
MA4005,ENGINEERING MATHEMATICS T1 ,6
MA4006,ENGINEERING MATHEMATICS 5 ,6
MA4007,EXPERIMENTAL DESIGN ,6
MA4008,MULTIVARIABLE CALCULUS AND DIFFERENTIAL EQUATIONS ,6
MA4010,PREPARATORY MATHEMATICS ,3
MA4011,SCIENCE AND ENGINEERING MATHEMATICS 1 ,6
MA4012,SCIENCE AND ENGINEERING MATHEMATICS 2 ,6
MA4014,SCIENCE AND ENGINEERING MATHEMATICS ,6
MA4016,ENGINEERING MATHEMATICS 6 ,6
MA4026,Applied Statistics ,9
MA4102,BUSINESS MATHEMATICS 1 ,6
MA4103,BUSINESS MATHEMATICS 2 ,6
MA4104,BUSINESS STATISTICS ,6
MA4113,APPLIED BUSINESS MATHEMATICS ,6
MA4114,APPLIED BUSINESS STATISTICS ,6
MA4125,AN INTRODUCTION TO COMPUTER AIDED DATA ANALYSIS ,6
MA4128,ADVANCED DATA MODELLING ,6
MA4302,APPLIED STATISTICS FOR ACCOUNTING ,6
MA4402,COMPUTER MATHS 2 ,6
MA4413,STATISTICS FOR COMPUTING ,6
MA4505,APPLIED STATISTICS FOR ADMINISTRATION 1 ,6
MA4601,SCIENCE MATHEMATICS 1 ,6
MA4602,SCIENCE MATHEMATICS 2 ,6
MA4603,SCIENCE MATHEMATICS 3 ,6
MA4604,SCIENCE MATHEMATICS 4 ,6
MA4605,CHEMOMETRICS ,6
MA4607,INTRODUCTION TO APPLIED MATHEMATICAL MODELLING IN ,6
MA4617,INTRODUCTION TO FLUID MECHANICS ,6
MA4701,TECHNOLOGICAL MATHEMATICS 1 ,6
MA4702,TECHNOLOGICAL MATHEMATICS 2 ,6
MA4704,TECHNOLOGICAL MATHEMATICS 4 ,6
MA4707,QUALITY MANAGEMENT ,6
MA4708,QUALITY CONTROL ,6
MA4713,TECHNOLOGICAL MATHEMATICS 3A ,6
MA4715,TECHNOLOGICAL MATHEMATICS 5A ,6
MA4902,BUSINESS MATHEMATICS ,6
MA4904,APPLIED STATISTICS FOR BUSINESS ,6
MA5001,ADVANCED ENGINEERING MATHS ,6
MA5002,STATISTICAL LEARNING WITH APPLICATIONS ,6
MA5011,INTRODUCTION TO PREDICTIVE ANALYTICS ,6
MA5012,ADVANCED PREDICTIVE ANALYTICS ,6
MA5021,DATA ANALYTICS WITH R ,6
MA5111,QUANTITATIVE METHODS ,6
MA5121,RESEARCH METHODS 1 ,6
MA6001,DATA ANALYSIS FOR BUSINESS DECISIONS ,6
MA6002,MATHEMATICAL GEOSCIENCE ,6
MA6011,CRYPTOGRAPHIC MATHEMATICS ,6
MA6012,MATHEMATICAL BIOLOGY AND PHYSIOLOGY ,6
MA6021,QUANTITATIVE METHODS ,6
MA6032,APPLIED STATISTICS AND DATA SCIENCE FOR BUSINESS ,6
MA6101,STATISTICS FOR DATA ANALYTICS ,6
MB4005,ANALYSIS ,6
MB4018,DIFFERENTIAL EQUATIONS ,6
MB5003,CALCULUS 3 ,6
MB5004,GEOMETRY ,6
MB5013,STATISTICS (WITH INFERENCE) ,6
MB5014,PROBLEM SOLVING AND MATHEMATICAL MODELLING ,6
MB5021,CALCULUS 1 ,6
MB5022,CALCULUS 2 ,6
MB5023,PEDAGOGY AND RESEARCH IN MATHEMATICS EDUCATION ,9
MB5024,HISTORY OF MATHEMATICS ,6
MB5031,ALGEBRA 1 (LINEAR ALGEBRA AND GEOMETRY) ,6
MB5032,ALGEBRA 2 (ALGEBRA AND NUMBER THEORY) ,6
MB5033,ACTION RESEARCH ,6
MB5042,PROBABILITY ,6
ME2001,COMPOSITES MANUFACTURING: MATERIALS ,6
ME2002,COMPOSITES MANUFACTURING: TECHNIQUES ,6
ME4000,TECHNICAL COMMUNICATION FOR ENGINEERS ,9
ME4001,INTRODUCTION TO ENGINEERING 1 ,3
ME4002,INTRODUCTION TO ENGINEERING 2 ,6
ME4003,COMPUTER AIDED DESIGN ,6
ME4008,ORTHOPAEDIC BIOMECHANICS AND MECHANOBIOLOGY ,6
ME4009,MEDICAL DEVICE DESIGN AND PLACEMENT 2 ,6
ME4010,Turbine Aeroplane Aerodynamics Structures and Systems 2 ,12
ME4011,CONTROL ENGINEERING ,6
ME4012,ENGINEERING IN THE AVIATION INDUSTRY ,6
ME4017,PROJECT 1 MECHANICAL ENG ,6
ME4018,PROJECT 2 MECHANICAL ENGINEERING ,6
ME4019,Maintenance Practices 2 (EASA) ,6
ME4021,ENGINEERING IN THE AVIATION INDUSTRY ,3
ME4022,AIRCRAFT AND SPACECRAFT SYSTEMS ,6
ME4027,PROJECT 1 AERONAUTICAL ENGINEERING ,6
ME4028,PROJECT 3 MECHANICAL ENGINEERING ,6
ME4029,ORTHOPAEDIC BIOMECHANICS ,6
ME4031,AEROSPACE STRUCTURES ,6
ME4032,STRUCTURAL ENGINEERING DESIGN ,6
ME4037,ADVANCED MECHANICS OF SOLIDS ,6
ME4038,PROJECT 2 AERONAUTICAL ENGINEERING ,6
ME4042,INTRODUCTION TO DESIGN FOR MANUFACTURE ,6
ME4047,FUELS AND ENERGY CONVERSION ,6
ME4048,PROJECT 3 AERONAUTICAL ENGINEERING ,6
ME4049,ENGINEERING PROJECT ,12
ME4052,CELL AND TISSUE BEHAVIOUR FOR ENGINEERS ,6
ME4057,AEROSPACE METALLIC MATERIALS ,6
ME4058,ENGINEERING BIOMECHANICS ,6
ME4059,ENGINE THERMODYNAMICS ,6
ME4060,PROJECT 1 AIRCRAFT MAINTENANCE AND OPERATIONS ,12
ME4061,THEORETICAL AERODYNAMICS ,6
ME4062,PROJECT 2 AIRCRAFT MAINTENANCE AND OPERATIONS ,12
ME4063,AIRCRAFT STRUCTURAL ANALYSIS ,6
ME4064,FLIGHT MECHANICS AND PERFORMANCE ,6
ME4065,FUNDAMENTALS OF THE ENGINEERING PROFESSION ,9
ME4066,FUNDAMENTALS OF CAD ,6
ME4067,ELECTRICAL FUNDAMENTALS (EASA) ,12
ME4068,ELECTRONIC FUNDAMENTALS (EASA) ,6
ME4069,DIGITAL TECHNIQUES FOR ELECTRONIC INSTRUMENT ,12
ME4070,STRENGTH OF MATERIALS ,6
ME4072,MATERIALS AND HARDWARE (EASA) ,6
ME4073,MAINTENANCE PRACTICES 1 (EASA) ,6
ME4074,BASIC AERODYNAMICS (EASA) ,6
ME4075,TURBINE AEROPLANE AERODYNAMICS STRUCTURES AND ,12
ME4076,GAS TURBINE ENGINES 1 (EASA) ,6
ME4077,HUMAN FACTORS (EASA) ,6
ME4078,AVIATION LEGISLATION (EASA) ,6
ME4079,MAINTENANCE PRACTICES 2 (EASA) ,12
ME4080,"TURBINE AEROPLANE AERODYNAMICS, STRUCTURES AND ",6
ME4081,GAS TURBINE ENGINES 2 (EASA) ,6
ME4082,PROPELLERS (EASA) ,6
ME4083,ON-AIRCRAFT TRAINING ,30
ME4084,MATHEMATICS (EASA) ,3
ME4085,PHYSICS (EASA) ,6
ME4087,AIRWORTHINESS AND AIRCRAFT MAINTENANCE ,6
ME4091,EASA PART 21 DESIGN ENGINEERING ,6
ME4092,AEROSPACE VIBRATIONS ,6
ME4098,"AEROSPACE MATERIALS, STRUCTURAL INTEGRITY AND ",6
ME4101,AIRCRAFT MECHANISMS ,3
ME4102,INTRODUCTION TO DIGITAL MECHATRONICS ,6
ME4104,AIRCRAFT SYSTEMS ENGINEERING ,6
ME4107,PROJECT 1 AIRCRAFT MAINTENANCE AND AIRWORTHINESS ,12
ME4108,PROJECT 2 AIRCRAFT MAINTENANCE & AIRWORTHINESS ,12
ME4111,ENGINEERING MECHANICS 1 ,6
ME4112,ENGINEERING MECHANICS 2 ,6
ME4113,APPLIED MECHANICS ,6
ME4114,ENGINEERING DESIGN & COMMUNICATION ,6
ME4116,AIRCRAFT VIBRATIONS ,6
ME4117,VIBRATION ANALYSIS ,6
ME4118,"COMPOSITES AND METALLICS, STRUCTURAL INTEGRITY ",6
ME4121,ENGINEERING SCIENCE 1 ,6
ME4124,FLIGHT DYNAMICS LABORATORY ,3
ME4127,"DESIGN, BUILD, FLY 1 ",6
ME4128,AIRCRAFT FLIGHT DYNAMICS AND SIMULATION ,6
ME4134,AIRCRAFT DESIGN ,3
ME4137,AERODYNAMICS 2 ,6
ME4138,Electronic Fundamentals (EASA) ,9
ME4147,DESIGN OF THERMO-FLUID SYSTEMS ,6
ME4148,AIRCRAFT CONTROL SYSTEMS ,6
ME4157,PROTOTYPE BUILD AND TEST ,12
ME4158,"DESIGN, BUILD, FLY 2 ",6
ME4168,ENGINEERING SCIENCE (EDUCATION) ,6
ME4178,IN VITRO MODELS FOR BIOMEDICAL ENGINEERING ,6
ME4188,BIO-IMAGING ,6
ME4213,MECHANICS OF SOLID 1 ,6
ME4217,MECHANICS OF SOLIDS 3 ,6
ME4218,MECHANICS OF SOLIDS 4 ,6
ME4223,FUNDAMENTALS OF AEROSPACE ENGINEERING ,6
ME4226,MECHANICS OF SOLIDS 2 ,6
ME4227,AIRCRAFT STRUCTURES ,6
ME4306,BIOCOMPATABILITY ,6
ME4307,BIOMATERIALS 1 ,6
ME4308,BIOMATERIALS 2 ,6
ME4315,CRITICAL PROBLEM SOLVING FOR ENGINEERS ,6
ME4316,INTRODUCTION TO MACHINE LEARNING FOR ENGINEERS ,6
ME4317,PROJECT 1 DIGITAL MECHATRONIC ENGINEERING ,6
ME4318,PROJECT 2 DIGITAL MECHATRONIC ENGINEERING ,12
ME4325,ENHANCED PLACEMENT ENGINEERING PORTFOLIO 1 ,3
ME4328,AIRCRAFT MAINTENANCE ,3
ME4336,ENHANCED PLACEMENT ENGINEERING PORTFOLIO 2 ,3
ME4412,FLUID MECHANICS 1 ,6
ME4414,FLUIDS MECHANICS 2 ,6
ME4417,BOUNDARY LAYER THEORY ,6
ME4424,AERODYNAMICS 1 ,6
ME4427,MEDICAL DEVICE DESIGN AND PLACEMENT ,6
ME4438,COMPUTATIONAL FLUID DYNAMICS ,6
ME4516,THERMODYNAMICS 2 ,6
ME4517,ENERGY MANAGEMENT ,6
ME4523,THERMODYMANICS 1 ,6
ME4526,INTRODUCTION TO HEAT TRANSFER ,6
ME4527,THERMODYNAMICS 3 ,6
ME4528,PROPULSION SYSTEMS ,6
ME4611,COMPUTING ,6
ME4616,FINITE ELEMENT ANALYSIS ,6
ME4714,INSTRUMENTATION AND CONTROL ,6
ME4716,CONTROL ENGINEERING 1 ,6
ME4717,CONTROL ENGINEERING 2 ,6
ME4718,FLUID PROCESS CONTROL ,6
ME4724,INTRODUCTION TO BIOMEDICAL ENGINEERING ,6
ME4726,FLIGHT MECHANICS ,6
ME4727,STABILITY AND CONTROL OF AIRCRAFT ,6
ME4736,PHYSIOLOGICAL FLUID MECHANICS 1 ,6
ME4746,PHYSIOLOGICAL FLUID MECHANICS 2 ,6
ME4804,INTRODUCTION TO CAD ,6
ME4807,AIRCRAFT CONCEPTUAL DESIGN ,6
ME4813,DESIGN 1 ,6
ME4818,MECHANICAL DESIGN ,6
ME4826,AIRCRAFT DESIGN ,6
ME4837,ADVANCED CAD ,6
ME5001,MACHINE DYNAMICS ,6
ME5002,MECHATRONICS ,6
ME5011,MECHANICS OF SOLIDS ,6
ME5012,FINITE ELEMENT ANALYSIS ,6
ME5021,INDUSTRIAL DESIGN ,6
ME5022,SOFTWARE APPLICATIONS ,6
ME5031,DESIGN METHODOLOGY ,6
ME5032,AIRCRAFT SYSTEMS ENGINEERING ,6
ME5041,CAD-3D ,6
ME5042,MECHANICAL DESIGN ,6
ME5061,CONTINUED AIRWORTHINESS MANAGEMENT: ,6
ME5062,TISSUE ENGINEERING ,6
ME5071,"AIRCRAFT MAINTENANCE, REPAIR AND OVERHAUL (MRO) ",6
ME5072,FLEET PLANNING FUNDAMENTALS ,3
ME5081,"LEAN MANAGEMENT IN AIRCRAFT MAINTENANCE, REPAIR ",6
ME5082,COMPOSITES IN THE AIRCRAFT MAINTENANCE ,6
ME5091,RELIABILITY ENGINEERING ,6
ME5092,AVIATION HUMAN FACTORS AND SAFETY ,6
ME5101,BIOMECHANICS ,12
ME5102,PROFESSIONAL SKILLS FOR ENGINEERS - PART 1 ,3
ME5103,PROFESSIONAL SKILLS FOR ENGINEERS - PART 2 ,3
ME5112,AIRWORTHINESS MANAGEMENT ,6
ME5122,AIRCRAFT MATERIALS AND STRUCTURAL INTEGRITY ,6
ME5201,BIOMEDICAL ENGINEERING PROJECT I ,12
ME6001,FUNDAMENTALS OF CONTINUUM MECHANICS ,6
ME6003,RESEARCH PROJECT 3 (M ENG AERONAUTICAL ENG) ,30
ME6004,EQUIPMENT SYSTEMS ENGINEERING RESEARCH 1 ,18
ME6005,EQUIPMENT SYSTEMS ENGINEERING RESEARCH 2 ,18
ME6006,EQUIPMENT SYSTEMS ENGINEERING RESEARCH 3 ,18
ME6008,MICROFLUIDS ,6
ME6013,RESEARCH PROJECT 3 (M ENG MECHANICAL ENG) ,30
ME6023,EQUIPMENT SYSTEMS ENGINEERING PROJECT REVIEW ,6
ME6031,ADVANCED STABILITY AND CONTROL OF AIRCRAFT ,6
ME6032,ADVANCED AIRCRAFT STRUCTURES ,6
ME6041,RESEARCH PROJECT 1 (M ENG AERONAUTICAL ENG) ,3
ME6042,RESEARCH PROJECT 2 (M ENG AERONAUTICAL ENG) ,12
ME6051,ADVANCED TECHNICAL COMMUNICATION FOR ENGINEERS ,3
ME6052,FRACTURE MECHANICS ,6
ME6053,RESEARCH PROJECT 1 (ME MECHANICAL ENGINEERING) ,9
ME6054,RESEARCH PROJECT 2 (ME MECHANICAL ENGINEERING) ,12
ME6061,COMPOSITE AIRCRAFT STRUCTURES ,6
ME6062,ADVANCED COMPUTATIONAL FLUID DYNAMICS ,6
ME6071,NON-LINEAR FINITE ELEMENT ANALYSIS ,6
ME6072,ENGINEERING MECHANICS OF PLASTICS AND COMPOSITES ,6
ME6081,RESEARCH PROJECT 1 (M ENG MECHANICAL ENG) ,3
ME6082,RESEARCH PROJECT 2 (M ENG MECHANICAL ENG) ,12
ME6091,AEROSPACE METALLIC MATERIALS ,6
ME6092,RENEWABLE ENERGY TECHNOLOGIES ,6
ME6101,MASTERS THESIS 1 ENGINEERING PRODUCT DESIGN ,30
ME6102,MASTERS THESIS 2 ENGINEERING PRODUCT DESIGN ,30
ME6103,RESEARCH PROJECT 1 (5 YEAR MENG AERONAUTICAL) ,9
ME6104,RESEARCH PROJECT 2 (5 YEAR MENG AERONAUTICAL) ,12
ME6111,AERODYNAMICS 2 ,6
ME6112,FLEET PLANNING ,6
ME6121,PROFESSIONAL SKILLS FOR ENGINEERS ,6
ME6122,MICROFLUIDICS ,6
ME6131,RESEARCH PROJECT 1 - MSC AERONAUTICAL ENGINEERING ,3
ME6132,RESEARCH PROJECT 2 - MSC AERONAUTICAL ENGINEERING ,6
ME6133,RESEARCH PROJECT 3 - MSC AERONAUTICAL ENGINEERING ,30
ME6141,HEAT AND MASS TRANSFER ,6
ME6142,AIRCRAFT CONTROL SYSTEMS ,6
ME6151,RESEARCH PROJECT 1 (ME CIVIL ENGINEERING) ,9
ME6161,RESEARCH PROJECT 1 (MSC MECHANICAL ENGINEERING) ,3
ME6162,RESEARCH PROJECT 2 (MSC MECHANICAL ENGINEERING) ,6
ME6163,RESEARCH PROJECT 3 (MSC MECHANICAL ENGINEERING) ,30
ME6171,COMPOSITE AEROSPACE STRUCTURES ,6
ME6172,ADVANCED AEROSPACE STRUCTURES ,6
ME6181,SPACE SYSTEMS DESIGN ,6
ME6182,ENGINEERING ALLOYS ,6
ME6191,AIRWORTHINESS AND SPACEWORTHINESS ,6
ME6192,PLASTICITY OF CONVENTIONAL AND 3D PRINTED METALS ,6
ME6201,ENGINEERING FOR NET ZERO CARBON ,6
ME6202,RESEARCH PROJECT 2 (ME CIVIL ENGINEERING) ,12
ME6211,ANALYSIS AND DESIGN OF SPACECRAFT STRUCTURES ,6
ME6212,ENGINEERING A CIRCULAR ECONOMY ,6
ME6221,DISRUPTIVE INNOVATION SPRINTS ,9
ME6222,TECHNOLOGY PLATFORM SPRINTS ,9
ME6231,RESEARCH PROPOSAL PREPARATION ,6
ME6232,EQUIPMENT SYSTEMS ENGINEERING RESEARCH PLAN ,6
ME6241,RESEARCH PROJECT 1 (ME BIOMEDICAL ENGINEERING) ,9
ME6242,RESEARCH PROJECT 2 (ME BIOMEDICAL ENGINEERING) ,12
ME6251,CELLULAR MECHANOBIOLOGY ,6
ME6252,BIOMICROFLUIDICS ,6
ME6261,RESEARCH PROJECT 1 (ME DIGITAL MECHATRONIC ,9
ME6262,CELL DERIVED THERAPIES ,6
ME6272,LEAN THINKING FOR AVIATION ,6
ME6282,RESEARCH PROJECT 2 (ME DIGITAL MECHATRONIC ,12
MF4003,ENTERPRISE PROCESS MODELLING ,6
MF4004,ENTERPRISE OPERATIONS MANAGEMENT 1 ,6
MF4006,ENTERPRISE OPERATIONS MANAGEMENT 2 ,6
MF4007,PROJECT 1 ,6
MF4008,PROJECT 2 ,6
MF4013,ENTERPRISE INFORMATION SYSTEMS ,6
MF4014,QUALITY SYSTEMS ,6
MF4016,ENTERPRISE SIMULATION ,6
MF4024,MANUFACTURING PROCESSES 4 ,6
MF4026,ENTERPRISE SOFTWARE DEVELOPMENT ,6
MF4038,ADVANCED MANUFACTURING SYSTEMS ,6
MF4711,MANUFACTURING INTEGRATION ,6
MF4712,OPERATIONS INTEGRATION ,6
MF4713,WORK DESIGN AND MEASUREMENT ,6
MF4714,OPERATIONS MANAGEMENT 1 ,6
MF4716,OPERATIONS MANAGEMENT 2 ,6
MF4717,MODELLING AND CONTROL OF DYNAMIC SYSTEMS ,6
MF4718,PLANT RELIABILITY AND MAINTENANCE ,6
MF4722,DRAWING AND CAD ,6
MF4723,ORGANISATIONAL PSYCHOLOGY ,6
MF4724,MACHINE DESIGN ,6
MF4726,DISCRETE EVENT SIMULATION ,6
MF4727,OPERATIONS MANAGEMENT 3 ,6
MF4728,OCCUPATIONAL PSYCHOLOGY ,6
MF4733,MANUFACTURING INFORMATION SYSTEMS ,6
MF4734,MEASUREMENT AND QUALITY SYSTEMS ,6
MF4736,ENGINEERING ECONOMY ,6
MF4737,AUTOMATION ENGINEERING 2 ,6
MF4738,PRODUCTION ENGINEERING 2 ,6
MF4746,PRODUCTION ENGINEERING 1 ,6
MF4747,MATERIAL FORMING 1 ,6
MF4756,PRODUCT DESIGN AND MODELLING ,6
MF4758,MATERIAL FORMING 2 ,6
MF4766,AUTOMATION ENGINEERING 1 ,6
MF4768,ERGONOMICS ,6
MF4902,APPLIED AUTOMATION (DISTANCE LEARNING) ,6
MF4904,MANUFACTURING SYSTEMS DESIGN (DISTANCE LEARNING) ,6
MF5001,MATHEMATICAL MODELLING IN SUPPLY CHAIN ,6
MF5051,DESIGN FOR MANUFACTURE ,6
MF5052,PROCESS DESIGN ,6
MF6001,OPERATIONS MANAGEMENT ,6
MF6002,OPERATIONS MANAGEMENT AND PERFORMANCE ,3
MN5001,NATURAL LANGUAGE PROCESSING: AN INTRODUCTION ,6
MN5002,ADVANCED NATURAL LANGUAGE PROCESSING ,6
MN5151,INFORMATION RETRIEVAL ,6
MN5162,NATURAL LANGUAGE UNDERSTANDING ,6
MS3021,DIPLOMA IN QUALITY MGMT PROJECT 1 (ACE) ,6
MS3022,DIPLOMA IN QUALITY MGMT PROJECT 2 (ACE) ,6
MS3041,LEAN AND SIX SIGMA PROJECT 1 ,6
MS4008,MATHEMATICAL METHODS 2: Numerical Methods for Partial ,6
MS4013,LINEAR ANALYSIS ,6
MS4014,INTRODUCTION TO NUMERICAL ANALYSIS ,6
MS4017,Final Year Project Economics and Mathematics B ,6
MS4018,DYNAMICAL SYSTEMS ,6
MS4021,CALCULUS 1 ,6
MS4022,CALCULUS 2 ,6
MS4024,NUMERICAL COMPUTATION ,6
MS4025,APPLIED ANALYSIS ,6
MS4027,FUNDAMENTALS OF FINANCIAL MATHEMATICS ,6
MS4028,STOCHASTIC DIFFERENTIAL EQUATIONS FOR FINANCE ,6
MS4033,METHODS OF LINEAR ANALYSIS ,6
MS4034,APPLIED DATA ANALYSIS ,6
MS4035,PROBABILITY MODELS ,6
MS4037,STATISTICAL DATA SCIENCE PROJECT 1 ,6
MS4038,STATISTICAL DATA SCIENCE PROJECT 2 ,6
MS4043,METHODS OF LINEAR ANALYSIS ,6
MS4045,COMPLEX ANALYSIS ,6
MS4098,MATHEMATICS AND PHYSICS PROJECT 2 ,6
MS4101,MATHEMATICAL LABORATORY ,6
MS4105,LINEAR ALGEBRA 2 ,6
MS4111,DISCRETE MATHEMATICS 1 ,6
MS4117,DISCRETE MATHEMATICS 2 ,6
MS4118,DISCRETE MATHEMATICS 3 ,6
MS4122,FURTHER LINEAR ALGEBRA ,6
MS4131,LINEAR ALGEBRA 1 ,6
MS4212,INTRODUCTORY DATA ANALYSIS ,6
MS4213,PROBABILITY THEORY ,6
MS4214,STATISTICAL INFERENCE ,6
MS4215,ADVANCED DATA ANALYSIS ,6
MS4217,STOCHASTIC PROCESSES ,6
MS4218,TIME SERIES ANALYSIS ,6
MS4222,INTRODUCTION TO PROBABILITY AND STATISTICS ,6
MS4303,OPERATIONS RESEARCH 1 ,6
MS4315,OPERATIONS RESEARCH 2 ,6
MS4327,OPTIMISATION ,6
MS4328,MATHEMATICAL CONTROL THEORY ,6
MS4403,ORDINARY DIFFERENTIAL EQUATIONS ,6
MS4404,PARTIAL DIFFERENTIAL EQUATIONS ,6
MS4407,PERTURBATION TECHNIQUES AND ASYMPTOTICS ,6
MS4408,MATHEMATICAL MODELLING ,6
MS4414,THEORETICAL MECHANICS ,6
MS4417,PROJECT 1 ,6
MS4418,PROJECT 2 ,6
MS4528,MATHEMATICAL AND STATISTICAL MODELS OF ,6
MS4613,VECTOR ANALYSIS ,6
MS4627,MATHEMATICS OF NATURAL PHENOMENA ,6
MS5003,LINEAR ANALYSIS ,6
MS5013,PROBABILITY THEORY ,6
MS5014,MODELLING ,6
MS5021,REAL ANALYSIS ,6
MS5022,ORDINARY DIFFERENTIAL EQUATIONS ,6
MS5023,PROJECT 1 ,6
MS5024,ADVANCED DATA ANALYSIS ,6
MS5031,LINEAR ALGEBRA AND NUMBERICAL MATHEMATICS ,6
MS5032,INTRODUCTORY DATA ANALYSIS ,6
MS5034,PROJECT 2 ,6
MS5041,COMPUTING LABORATORY 1 ,6
MS5042,COMPUTING LABORATORY 2 ,6
MS5052,"QUANTITATIVE RESEARCH METHODS FOR SCIENCE, ",6
MS5401,QUALITY MANAGEMENT 1 ,6
MS5402,QUALITY MANAGEMENT II ,6
MS5411,QUALITY SCIENCE 1 ,6
MS5412,QUALITY SCIENCE II ,6
MS5421,GDIP PROJECT 1 ,6
MS5422,PROJECT II GDIP IN QUALITY MANAGEMENT ,6
MS5431,QUALITY SCIENCE STATISTICS 1 ,6
MS5432,QUALITY SCIENCE III / ADVANCED STATISTICS ,6
MS5441,QUALITY SCIENCE STATISTICS 2 ,6
MS5452,SIX SIGMA PROJECT ,12
MS6001,MASTERS THESIS 1 QUALITY MANAGEMENT ,6
MS6002,MASTERS THESIS 2 QUALITY MANAGEMENT ,6
MS6003,PROJECT (MSC MATHEMATICAL MODELLING) ,30
MS6011,ADVANCED METHODS 1 ,6
MS6012,ADVANCED METHODS II ,6
MS6013,DISSERTATION IN DATA SCIENCE AND STATISTICAL ,30
MS6021,SCIENTIFIC COMPUTATION ,6
MS6022,STATISTICAL LEARNING ,6
MS6031,SIX SIGMA ,9
MS6032,NETWORKS AND COMPLEX SYSTEMS ,6
MS6041,QUALITY SCIENCE INTRODUCTION ,6
MS6042,QUALITY SCIENCE ADVANCED ,6
MS6051,STATISTICAL INFERENCE FOR DATA SCIENCE ,6
MS6061,FUNDAMENTALS OF STATISTICAL MODELLING ,6
MS6071,R FOR STATISTICAL DATA SCIENCE ,6
MS8011,FOUNDATIONS OF DATA SCIENCE I ,6
MS8021,FOUNDATIONS OF DATA SCIENCE II ,6
MT4002,MATERIALS 1 ,6
MT4003,POLYMER SCIENCE ,6
MT4004,MATERIALS PROCESS ENGINEERING 2 ,6
MT4006,TISSUE ENGINEERING ,6
MT4008,PROPERTIES OF MATERIALS B ,6
MT4013,POLYMER SCI (ORG CHEM4) ,6
MT4017,BIOMATERIALS 1 ,6
MT4018,BIOMATERIALS 2 ,6
MT4023,MATERIALS 2 ,6
MT4027,AEROSPACE METALLIC MATERIALS ,6
MT4028,BIOCOMPATABILITY ,6
MT4038,"FAILURE, DAMAGE AND LIFE PREDICTION ",6
MT4101,INTRODUCTION TO MATERIALS ,6
MT4104,PHYSICAL METALLURGY ,6
MT4105,QUALITY SYSTEMS ,6
MT4107,COMPOSITE MATERIALS ,6
MT4205,FAILURE PROCESSES ,6
MT4207,FAILURE AND DAMAGE ANALYSIS ,6
MT4208,MATERIALS SELECTION AND DESIGN ,6
MT4217,OPTICAL FIBRE MATERIALS ,6
MT4303,MATERIALS SCIENCE 3 ,6
MT4305,ADVANCED ANALYTICAL TECHNIQUES ,6
MT4508,SURFACE ENGINEERING ,6
MT4518,SURFACE TECHNOLOGY ,6
MT4607,MATERIALS SCIENCE PROJECT 1 ,6
MT4608,MATERIALS SCIENCE PROJECT 2 ,6
MT4707,HIGH PERFORMANCE MATERIALS ,6
MT4717,AEROSPACE MATERIALS ,6
MT4804,CERAMICS AND GLASS SCIENCE 1 ,6
MT4805,CERAMICS AND GLASS SCIENCE 2 ,6
MT4904,MATERIALS TECHNOLOGY 3 ,6
MT4905,MATERIALS TECHNOLOGY 4 ,6
MT4907,POLYMER CHEMISTRY ,3
MT4943,MATERIALS PROCESSING ,6
MT5001,STRUCTURE OF MATERIALS ,6
MT5021,ADVANCED MATERIALS PROCESSING ,6
MT5032,MATERIALS SELECTION AND DESIGN ,6
MT5102,RES PROJECT ADV MATERIALS THESIS 2 ,12
MT5111,BIOMATERIALS 1 ,6
MT5112,MASTERS RES THESIS - ADV MATERIALS 2 ,30
MT5122,BIOMATERIALS II ,6
MT5202,BIOMEDICAL ENGINEERING PROJECT II ,12
MT6001,AEROSPACE METALLIC MATERIALS ,6
MT6003,MATERIALS PROJECT 2 ,30
MT6011,ADVANCED CHARACTERISATION OF MATERIALS 1 ,6
MT6021,ADVANCED MATERIALS PROCESSING ,6
MT6031,MANAGEMENT SYSTEMS STANDARDS ,6
MT6032,ADVANCED CHARACTERISATION OF MATERIALS 2 ,6
MT6041,BIOMATERIALS SCIENCE ,6
MT6042,MATERIALS PROJECT 1 ,15
MT6052,SURFACE DEGRADATION AND PROTECTION ,6
MT6061,POLYMERS FOR BIOMEDICAL DEVICES ,6
MT6062,BIOPOLYMER SCIENCE: POLYMER THERAPEUTICS ,6
MT8011,ADVANCED BIOMATERIALS (STRUCTURED PHD) ,6
NG9101,ECOSYSTEM ASSESSMENT ,10
NG9111,BIODIVERSITY AND CONSERVATION ,10
NG9121,ENVIRONMENTAL PROBLEMS AND SOLUTIONS ,10
NM4151,BIOLOGICAL SCIENCES APPLIED TO NURSING AND ,6
NM4152,BIOLOGICAL SCIENCES APPLIED TO NURSING & MIDWIFERY ,6
NM4173,BIOLOGICAL SCIENCES APPLIED TO NURSING & MIDWIFERY ,6
OP6003,TECHNOLOGY MANAGEMENT ,3
PD4003,ERGONOMICS FOUNDATION ,6
PD4004,DESIGN VISUALISATION ,6
PD4005,ADVANCED MODELLING OF FORM ,6
PD4006,PRODUCT PROTOTYPING AND DEVELOPMENT ,6
PD4007,PRODUCT ERGONOMICS ,6
PD4008,PSYCHOLOGY FOR DESIGN ,6
PD4013,AESTHETICS FOUNDATION AND FORM ,6
PD4014,DESIGN CONCEPT DEVELOPMENT AND REALISATION ,6
PD4015,USABILITY ENGINEERING ,6
PD4016,AESTHETICS : APPEARANCE AND EXECUTION ,6
PD4017,DESIGN PROJECT 1 ,18
PD4018,DESIGN PROJECT 2 ,18
PD4023,DESIGN RESEARCH AND SPECIFICATION ,6
PD4024,DESIGN FOR ENVIRONMENTAL SUSTAINABILITY ,6
PD4026,DESIGN ERGONOMICS ,6
PD4027,HUMAN FACTORS IN DESIGN ,6
PD4033,DESIGN FOR PROFESSIONAL PRACTICE ,6
PD4036,"DESIGN REALISATION, CONCEPT TO PRODUCT ",6
PD4043,Design Studio 3 ,12
PD4044,Design Studio 4 ,12
PD4053,DESIGN RESEARCH IN PRACTICE ,6
PD4063,INTRODUCTION TO DIGITAL MODELLING AND PROTOTYPING ,6
PD4101,DESIGN STUDIO 1 ,6
PD4102,DESIGN STUDIO 2 ,6
PD4103,DESIGN STUDIO 3 ,6
PD4104,DESIGN STUDIO 4 ,6
PD4105,DESIGN STUDIO 5 (INDUSTRY) ,6
PD4112,DESIGN SKILLS ,6
PD4115,DESIGN STUDIO 6 (COMMUNITY) ,6
PD4124,CONTEMPORARY DESIGN CULTURE ,6
PD6001,DESIGN RESEARCH ,9
PD6002,HUMAN FACTORS IN HEALTH SYSTEMS ,6
PD6003,DESIGN PROJECT ,30
PD6012,IDEATION AND REPRESENTATION ,9
PD6022,CONCEPT DEVELOPMENT AND EVALUATION ,9
PE4112,PRODUCTION TECHNOLOGY 1 ,6
PE5011,GRAD DIP AMT PROJECT 1 ,6
PE5012,GRAD DIP AMT PROJECT 2 ,6
PE6010,THESIS CONFERENCE PAPER ,6
PE6011,M TECH THESIS 1 ,12
PE6012,M TECH THESIS 2 ,12
PE6020,M TECH THESIS 3 ,6
PE6211,COMPUTER AIDED DESIGN AND MODELLING ,6
PE6312,COMPUTER CONTROL OF MANUFACTURING EQUIPMENT ,6
PE6322,MANUFACTURING CONTROL AND INFORMATION SYSTEMS ,6
PH4002,GENERAL PHYSICS 2 ,6
PH4003,MECHANICAL ENERGY ,6
PH4005,INTRODUCTION TO COMPUTATIONAL PHYSICS ,6
PH4007,SOLAR AND NUCLEAR ENERGY ,6
PH4008,HYDROCARBON FUELS ,6
PH4011,PHYSICS FOR ENGINEERS 1 ,6
PH4012,PHYSICS FOR ENGINEERS 2 ,6
PH4013,EARTH SCIENCE ,6
PH4017,MEDICAL PHYSICS ,6
PH4018,MEDICAL INSTRUMENTATION ,6
PH4021,PHYSICS OF SOLIDS ,6
PH4022,Physics for Environmental and Biosciences ,6
PH4027,"WIND, OCEAN AND HYDRO ENERGY ",6
PH4028,ENERGY RATINGS ,6
PH4031,PHYSICS FOR GENERAL SCIENCE 1 ,6
PH4032,PHYSICS FOR GENERAL SCIENCE 2 ,6
PH4037,ENERGY RESOURCE ASSESSMENT ,6
PH4038,ENERGY STORAGE ,6
PH4041,OPTICS ,6
PH4042,THERMAL PHYSICS ,6
PH4048,FIRST / SECOND GENERATION BIOFUELS ,6
PH4051,MEASUREMENT AND PROPERTIES OF MATTER ,6
PH4058,TRANSPORT ,6
PH4061,QUANTUM MECHANICS ,6
PH4062,NANOTECHNOLOGY 2 ,6
PH4071,SEMICONDUCTORS 1 ,6
PH4072,ELECTROMAGNETISM ,6
PH4077,ENERGY PROJECT 1 ,6
PH4081,NANOTECHNOLOGY 1 ,6
PH4082,FIBRE OPTICS AND OPTOELECTRONICS ,6
PH4088,ENERGY PROJECT 2 ,6
PH4091,PHYSICS OF MODERN MEASUREMENT ,6
PH4092,SEMICONDUCTOR DEVICES ,6
PH4097,MATHEMATICS AND PHYSICS PROJECT 1 ,6
PH4101,PHYSICS 1 (MECHANICS AND HEAT) ,6
PH4102,WAVES/LIGHT/MODERN PHYSICS ,6
PH4103,PHYSICS 6 (MECHANICS) ,6
PH4104,PHYSICS 8 (THERMAL PHYSICS) ,6
PH4111,SEMICONDUCTORS 2 ,6
PH4112,AC CIRCUITS/DEVICES ,6
PH4122,EXPERIMENTAL PHYSICS 2 ,6
PH4131,MECHANICS/HEAT/ELECTRICITY/MAGNETISM ,6
PH4132,MODERN PHYSICS ,6
PH4141,PRINCIPLES OF PHYSICS ,6
PH4142,INTRODUCTION TO PHYSICS ,6
PH4151,EXPERIMENTAL PHYSICS 1 ,6
PH4161,ATOMIC / MOLECULAR / LASER PHYSICS ,6
PH4171,MECHANICS ,6
PH4181,INTRODUCTION TO ENERGY ,6
PH4202,PHYSICS 4 (SOUND AND LIGHT) ,6
PH4203,APPLIED OPTICS 1 ,6
PH4205,APPLIED OPTICS 2 ,6
PH4208,ADVANCED APPLICATIONS OF PHYSICS ,6
PH4217,INTEGRATED OPTICS ,6
PH4218,OPTICAL FIBRE COMMUNICATIONS ,6
PH4301,PHYSICS 2 (ELECTRICITY AND MAGNETISM 1) ,6
PH4302,PHYSICS 5 (AC CIRCUITS) ,6
PH4304,PHYSICS 9 (ELECTRICITY AND MAGNETISM 2) ,6
PH4308,APPLIED ELECTROMAGNETICS ,6
PH4401,PHYSICS 3 (MODERN PHYSICS) ,6
PH4403,PHYSICS 7 (QUANTUM PHYSICS) ,6
PH4404,PHYSICS 10 (SPACE AND TIME) ,6
PH4405,ATOMIC AND NUCLEAR PHYSICS ,6
PH4511,INTRODUCTION TO PHYSICS ,6
PH4607,SOLID STATE PHYSICS 1 ,6
PH4608,SOLID STATE PHYSICS 2 ,6
PH4613,"FORCES, POTENTIALS AND FIELDS ",6
PH4805,INDUSTRIAL PHYSICS B (PROCESS TECHNOLOGY) ,6
PH4808,INDUSTRIAL PHYSICS A (CAD) ,8
PH4901,PHYSICS FOR ENGINEERS (DISTANCE LEARNING) ,6
PH4907,APPLIED PHYSICS PROJECT 1 ,6
PH4908,APPLIED PHYSICS PROJECT 2 ,6
PH5001,FOUNDATIONS OF INDUSTRIAL PHYSICS ,6
PH5002,ADVANCED TOPICS IN INDUSTRIAL PHYSICS ,6
PH5011,PROJECT 1 ,6
PH5012,PROJECT 2 ,6
PH5021,INDUSTRIAL PHYSICS 1 (PROCESSES) ,6
PH5022,APPLIED OPTICAL TECHNOLOGY ,6
PH5031,INDUSTRIAL PHYSICS 2 (SIMULATIONS) ,6
PH5041,CONDENSED MATTER PHYSICS 1 ,6
PH5042,CONDENSED MATTER PHYSICS 2 ,6
PH5052,INDUSTRIAL APPLICATION OF ELECTROMAGNETICS ,6
PH5062,PHOTONICS TECHNOLOGY ,6
PH5081,OPTICAL FIBRE SYSTEMS ,6
PH5091,PHYSICS OF MATERIALS ,6
PH5092,SEMICONDUCTOR PROCESSES 2 ,6
PH5093,PHYSICS OF ADVANCED METROLOGY ,6
PH5094,NANOSCIENCE AND TECHNOLOGY 1 ,6
PH5095,NANOSCIENCE AND TECHNOLOGY 2 ,6
PH5096,FOUNDATIONS OF APPLIED PHYSICS ,6
PH5097,RESEARCH PROJECT 3 ,30
PH5098,SEMICONDUCTOR PROCESSING 1 ,6
PH5102,OPTICAL FIBRE AND OPTOELECTRONIC SYSTEMS ,6
PH6001,RESEARCH PROJECT ,6
PH6002,RESEARCH PROJECT 2 ,6
PH6003,RESEARCH PROJECT (MSc APPLIED PHYSICS) ,18
PH6011,EXPERIMENTAL DESIGN AND RESEARCH METHODOLOGY ,6
PH6012,MEDICAL APPLICATION OF PHYSICS ,6
PH6013,ENERGY SUMMER PROJECT ,30
PH6021,PREDICTIVE BIOMOLECULAR MODELLING TOOLS ,6
PH6022,REPORTING RESULTS IN PHYSCIAL SCIENCE ,6
PH6031,PHYSICS OF MEDICAL INSTRUMENTATION ,6
PH6032,SCIENTIFIC COMMUNICATION & LITERATURE REVIEW ,6
PH6041,METHODOLOGY OF RESEARCH IN PHYSICAL SCIENCE ,6
PH6042,ADVANCED COMPUTATIONAL METHODS IN PHYSICS ,6
PH6051,ADVANCED BIOPHYSICAL CHARACTERISATION TECHNIQUES ,6
PH6052,ADVANCED ENERGY CONVERSION AND STORAGE ,6
PH6061,COMPUTATIONAL METHODS IN PHYSICS ,6
PH6071,ADVANCED ANALYSIS OF MATERIALS 1 ,6
PH6072,ADVANCED ANALYSIS OF MATERIALS 2 ,6
PH6081,EARTH AND ATMOSPHERIC SCIENCE ,6
PH6082,ENERGY GROUP PROJECT ,6
PH6091,SCALAR AND VECTOR MEASUREMENT AND ANALYSIS OF ,6
PH6092,PHYSICS OF SOLAR AND NUCLEAR ENERGY ,6
PN4108,MANUFACTURING AND SERVICE SYSTEMS DESIGN ,3
PN4318,MACHINE CONTROL ,6
PP8001,PERSONAL PROFESSIONAL PORTFOLIO ,9
PT3001,INTRODUCTION TO SUPPLY CHAIN MANAGEMENT ,6
PT3002,SOURCE WITHIN THE PROFESSIONAL PROCUREMENT ,6
PT3011,PLAN WITHIN SUPPLY CHAINS ,6
PT3012,DELIVER AND RETURN WITHIN THE PROFESSIONAL ,6
PT3013,REFLECTIVE LEARNING PORTFOLIO (SUPPLY CHAIN ,6
PT3021,MAKE WITHIN SUPPLY CHAINS ,6
PT3023,SIGMA IMPROVEMENT METHODOLOGIES FOR PROFESSIONAL ,6
PT3031,"TEAMWORK, CHANGE AND CULTURAL DIVERSITY ",6
PT3041,SIGMA IMPROVEMENT METHODOLOGIES ,6
PT3051,SOURCE WITHIN SUPPLY CHAINS ,6
PT3061,DELIVER AND RETURN WITHIN SUPPLY CHAINS ,6
PT3071,INFORMATION SYSTEMS AND DECISION SUPPORT ,6
PT3081,INTEGRATING DEVELOPMENT TO PRODUCTION ,6
PT3091,SUPPLY CHAIN PROJECT 1 ,6
PT4000,PROFESSIONAL SKILLS ,3
PT4001,SUSTAINABLE DEVELOPMENT ,6
PT4002,SUSTAINABILITY IN PRACTICE PROJECT ,6
PT4003,SUPPLY CHAIN DYNAMICS GAME ,6
PT4004,INTRODUCTION TO QUALITY MANAGEMENT ,6
PT4005,SUPPLY CHAIN DESIGN ,6
PT4006,APPRENTICESHIP PERSONAL AND PROFESSIONAL ,3
PT4007,PLAN WITH SUPPLY CHAINS ,6
PT4008,DELIVER AND RETURN WITHIN SUPPLY CHAINS ,6
PT4011,INTRODUCTION TO TECHNOLOGY MANAGEMENT ,6
PT4012,DECISION SUPPORT TOOLS ,6
PT4013,OPERATIONS MODELLING ,6
PT4014,PLANT AUTOMATION ,6
PT4015,LEAN THINKING AND LEAN TOOLS ,6
PT4017,B TECH MANUFACTURING TECHNOLOGY PROJECT 1 ,6
PT4018,B TECH MANUFACTURING TECHNOLOGY PROJECT 2 ,6
PT4021,SUPPLY CHAIN OPERATIONS MANAGEMENT ,6
PT4022,INTRODUCTION TO QUALITY MANAGEMENT ,6
PT4023,APPRENTICESHIP PERSONAL AND PROFESSIONAL ,3
PT4024,INTRODUCTION TO MODELS AND FRAMEWORKS FOR SUPPLY ,6
PT4025,SIMULATION MODELLING AND ANALYSIS ,6
PT4027,B TECH PRODUCTION MANAGEMENT PROJECT 1 ,6
PT4028,B TECH PRODUCTION MANAGEMENT PROJECT 2 ,6
PT4031,SUPPLY CHAIN MANAGEMENT STRUCTURES ,6
PT4032,CAREER DEVELOPMENT FOR SUSTAINABILITY ,3
PT4035,SUPPLY CHAIN CASE STUDY 1 ,6
PT4037,INNOVATION AND TECHNOLOGY MANAGEMENT ,6
PT4038,PRODUCTION AND SERVICE SYSTEMS ,6
PT4045,SKILLS PORTFOLIO (SUPPLY CHAIN MANAGEMENT) ,6
PT4047,MEASUREMENT AND QUALITY SYSTEMS ,6
PT4051,INTRODUCTION TO MODELS AND FRAMEWORKS FOR ,6
PT4057,ADVANCED MODELS AND FRAMEWORKS FOR SUPPLY CHAIN ,6
PT4061,ADVANCED FRAMEWORKS FOR PROCUREMENT ,6
PT4067,SIMULATION MODELLING AND ANALYSIS (ON-LINE) ,6
PT4111,MANUFACTURING TECHNOLOGY 1 ,6
PT4112,MANUFACTURING TECHNOLOGY 2 ,6
PT4113,MEASUREMENT AND INSPECTION ,6
PT4114,MANUFACTURING TECHNOLOGY 3 ,6
PT4115,MANUFACTURING TECHNOLOGY 4 ,6
PT4117,MANUFACTURING TECHNOLOGY 5 ,6
PT4118,MANUFACTURING TECHNOLOGY 6 ,6
PT4121,COMMUNICATION GRAPHICS ,6
PT4182,SUPPLY CHAIN PROJECT 2 ,12
PT4184,SUPPLY CHAIN PROJECT 3 ,12
PT4213,DRAWING AND CAD ,6
PT4315,PRODUCTIVITY METHODS 3 ,6
PT4317,PRODUCTIVITY METHODS 4 ,6
PT4323,PRODUCTIVITY METHODS 1A ,6
PT4324,PRODUCTIVITY METHODS 2A ,6
PT4423,2D CAD ,6
PT4424,3D CAD MODELLING ,6
PT4427,DESIGN FOR MANUFACTURE ,6
PT4428,PROCESS DESIGN ,6
PT4515,AUTOMATION T 1 ,6
PT4517,AUTOMATION T 2 ,6
PT4518,AUTOMATION T 3 ,6
PT4617,RELIABILITY TECHNOLOGY ,6
PT4900,PROFESSIONAL SKILLS ,6
PT4901,INTRODUCTION TO LEAN SKILLS ,3
PT4904,ENGINEERING SCIENCE PROJECT ,6
PT4914,ENGINEERING SCIENCE PROJECT ,12
PT5001,FRAMEWORKS FOR SUPPLY CHAIN MANAGEMENT ,6
PT5011,DESIGN THINKING FOR MEDICAL TECHNOLOGIES II ,6
PT5012,DESIGN THINKING FOR MEDICAL TECHNOLOGIES I ,6
PT5021,DESIGN FOR SIX SIGMA II (MEDICAL TECHNOLOGIES) ,6
PT5022,DESIGN FOR SIX SIGMA I (MEDICAL TECHNOLOGIES) ,6
PT5032,HUMAN FACTORS FOR MEDICAL TECHNOLOGIES ,6
PT5092,SUPPLY CHAIN PROJECT (SPECIALIST DIPLOMA) ,12
PT6001,STRATEGY AND MANAGEMENT OF TECHNOLOGY ,9
PT6003,MANAGING INNOVATION ,6
PT6004,INFORMATION SYSTEMS ,6
PT6011,PEOPLE MANAGEMENT FOR TECHNOLOGY ORGANISATIONS ,9
PT6014,SUPPLY CHAIN MANAGEMENT ,6
PT6021,LEAN TOOLS AND TECHNIQUES ,9
PT6024,SALES AND OPERATIONS PLANNING ,6
PT6031,PROCESS AND PRODUCT MODELLING ,9
PT6041,PROBLEM SOLVING AND IMPROVEMENT METHODOLOGIES ,9
PT6051,LEAN LEADERSHIP ,6
PT6061,LEAN IN CONTINUOUS FLOW PROCESSES ,6
PT6072,THESIS PROPOSAL PREPARATION ,6
PT6082,THESIS 2 (SUPPLY CHAIN OPERATIONS) ,12
PT8002,DATA STRATEGIES AND ANALYSIS TECHNIQUES FOR ,6
PT8003,PROFESSIONAL DOCTORATE 1 ,6
PT8005,RESEARCH DISSERTATION 06 ,30
PT8006,RESEARCH CONFERENCE/WORKSHOP ,6
PT8007,RESEARCH DISSERTATION 09 ,30
PT8008,RESEARCH DISSERTATION 10 ,30
PT8012,RESEARCH DISSERTATION 01 ,12
PT8013,RESEARCH DISSERTATION 02 ,15
PT8014,RESEARCH METHODS FOR PROFESSIONAL PRACTICE 2 ,6
PT8016,RESEARCH DISSERTATION 07 ,18
PT8022,DATA STRATEGIES AND ANALYSIS TECHNIQUES FOR ,6
PT8023,RESEARCH DISSERTATION 03 ,15
PT8024,RESEARCH DISSERTATION 04 ,15
PT8033,RESEARCH IMPACT AND DISSEMINATION ,6
PT8043,PROFESSIONAL DOCTORATE 2 ,6
PT8053,RESEARCH DISSERTATION 05 ,15
PT8063,PROFESSIONAL DOCTORATE 3 ,6
PT8073,RESEARCH DISSERTATION 08 ,18
RC5142,MEDICAL SCIENCE ,3
RE2002,MACHINE VISION (BLENDED DELIVERY) ,6
RE4002,SPATIAL ROBOTICS ,6
RE4006,SPATIAL ROBOTICS ,6
RE4012,MACHINE VISION ,6
RE4017,MACHINE VISION ,6
SE4004,SCIENCE (EDUCATION) ,6
SE4012,SCIENCE TEACHING 2 ,6
SE4016,ADVANCED SCIENCE PEDAGOGY ,6
WT4003,CONSTRUCTION TECHNOLOGY AND MANAGEMENT 2 ,6
WT4014,INTRODUCTION TO GEOLOGY AND SOIL MECHANICS ,6
WT4017,ENERGY EFFICIENT BUILDINGS ,6
WT4018,ADVANCED TIMBER CONSTRUCTION ,6
WT4027,PROJECT 1 (CONSTRUCTION MANAGMENT AND ENG) ,12
WT4034,INTRODUCTION TO SOIL MECHANICS AND GEOLOGY ,6
WT4104,WOOD SCIENCE 2 ,6
WT4105,WOOD SCIENCE 3 ,6
WT4107,"PULP, FIBRE AND BOARD MANUFACTURE 1 ",6
WT4117,STRUCTURAL DESIGN ,6
WT4202,DESIGN STUDIO ,6
WT4203,FURNITURE DESIGN ,6
WT4204,MECHANICS OF DESIGN ,6
WT4207,STRUCTURAL DESIGN ,6
WT4208,BUILDING SERVICES 2 ,6
WT4301,BUILDING AND CONSTRUCTION REGULATIONS 1 ,6
WT4303,MACHINING TECHNOLOGY 1 ,6
WT4304,MACHINING TECHNOLOGY 2 ,6
WT4305,MACHINING TECHNOLOGY 3 ,6
WT4315,HARVESTING AND SAWMILL TECHNOLOGY ,6
WT4401,CONSTRUCTION TECHNOLOGY AND MANAGEMENT 1 ,6
WT4404,WOOD TECHNOLOGY 1 ,6
WT4405,WOOD TECHNOLOGY 2 ,6
WT4502,CONSTRUCTION TECHNOLOGY ,6
WT4503,STRUCTURAL MECHANICS ,6
WT4504,BUILDING SERVICES 1 ,6
WT4505,BUILDING ECONOMICS ,6
WT4507,FORENSIC ENGINEERING AND ETHICS ,6
WT4604,LAND SURVEYING ,6
WT4605,PROCUREMENT AND CONTRACTING ,6
WT4607,PROJECT 1 WOOD SCIENCE ,6
WT4608,PROJECT 2 WOOD SCIENCE ,6
WT4704,BUILDING MEASUREMENT ,6
WT4705,BUILDING PRODUCTION ,6
WT4707,CONSTRUCTION TECHNOLOGY AND MANAGEMENT 3 ,6
WT4804,ESTIMATING AND COSTING ,6
WT4807,FINAL YEAR PROJECT 1 (CONSTRUCTION MANAGEMENT ,6
WT4808,FINAL YEAR PROJECT 2 (CONSTRUCTION MANAGEMENT ,6
WT4902,MODEL MAKING ,6
WT4917,PROJECT 1 MATERIALS AND CONSTRUCTION ,6
WT5012,HEALTH AND SAFETY IN TECHNOLOGY CLASSROOMS ,6
